frame_idx,phase,trial_id,stim_pair_id,elapsed_time,global_time,flip_time,event_marker
0,phase1,24,pair_025,0.0,1375.790374,1385.648904,stimulus_onset
1,phase1,24,pair_025,0.016617,1375.806989,1385.665521,
2,phase1,24,pair_025,0.033453,1375.823827,1385.682357,
3,phase1,24,pair_025,0.050429,1375.8408,1385.699333,
4,phase1,24,pair_025,0.066786,1375.857157,1385.71569,
5,phase1,24,pair_025,0.083432,1375.873804,1385.732335,
6,phase1,24,pair_025,0.100108,1375.890478,1385.749012,
7,phase1,24,pair_025,0.116676,1375.907049,1385.76558,
8,phase1,24,pair_025,0.13342,1375.923795,1385.782323,
9,phase1,24,pair_025,0.150082,1375.940453,1385.798985,
10,phase1,24,pair_025,0.166733,1375.957104,1385.815637,
11,phase1,24,pair_025,0.183375,1375.973745,1385.832279,
12,phase1,24,pair_025,0.200386,1375.990756,1385.849289,
13,phase1,24,pair_025,0.216757,1376.00713,1385.865661,
14,phase1,24,pair_025,0.233296,1376.023668,1385.8822,
15,phase1,24,pair_025,0.250065,1376.040436,1385.898969,
16,phase1,24,pair_025,0.26677,1376.05714,1385.915673,
17,phase1,24,pair_025,0.28344,1376.073811,1385.932344,
18,phase1,24,pair_025,0.300065,1376.090437,1385.948969,
19,phase1,24,pair_025,0.316787,1376.107157,1385.96569,
20,phase1,24,pair_025,0.333692,1376.124062,1385.982596,
21,phase1,24,pair_025,0.350089,1376.140459,1385.998993,
22,phase1,24,pair_025,0.366738,1376.157108,1386.015642,
23,phase1,24,pair_025,0.383433,1376.173806,1386.032336,
24,phase1,24,pair_025,0.400042,1376.190413,1386.048946,
25,phase1,24,pair_025,0.416742,1376.207112,1386.065645,
26,phase1,24,pair_025,0.433406,1376.223776,1386.082309,
27,phase1,24,pair_025,0.450122,1376.240492,1386.099026,
28,phase1,24,pair_025,0.467059,1376.257429,1386.115963,
29,phase1,24,pair_025,0.483401,1376.273771,1386.132305,
30,phase1,24,pair_025,0.500058,1376.290428,1386.148962,
31,phase1,24,pair_025,0.516787,1376.307161,1386.165691,
32,phase1,24,pair_025,0.533409,1376.323781,1386.182313,
33,phase1,24,pair_025,0.550361,1376.340731,1386.199265,
34,phase1,24,pair_025,0.566734,1376.357105,1386.215637,
35,phase1,24,pair_025,0.583427,1376.373797,1386.23233,
36,phase1,24,pair_025,0.600374,1376.390744,1386.249277,
37,phase1,24,pair_025,0.617025,1376.407395,1386.265928,
38,phase1,24,pair_025,0.633371,1376.423741,1386.282274,
39,phase1,24,pair_025,0.650068,1376.440438,1386.298972,
40,phase1,24,pair_025,0.666738,1376.457109,1386.315642,
41,phase1,24,pair_025,0.683717,1376.474087,1386.33262,
42,phase1,24,pair_025,0.700068,1376.490438,1386.348971,
43,phase1,24,pair_025,0.716738,1376.507108,1386.365641,
44,phase1,24,pair_025,0.733422,1376.523791,1386.382325,
45,phase1,24,pair_025,0.750395,1376.540764,1386.399298,
46,phase1,24,pair_025,0.766686,1376.557056,1386.415589,
47,phase1,24,pair_025,0.783404,1376.573774,1386.432308,
48,phase1,24,pair_025,0.800105,1376.590477,1386.449009,
49,phase1,24,pair_025,0.81671,1376.607081,1386.465614,
50,phase1,24,pair_025,0.83341,1376.62378,1386.482313,
51,phase1,24,pair_025,0.850043,1376.640413,1386.498947,
52,phase1,24,pair_025,0.86672,1376.657095,1386.515624,
53,phase1,24,pair_025,0.883369,1376.673739,1386.532273,
54,phase1,24,pair_025,0.900353,1376.690723,1386.549256,
55,phase1,24,pair_025,0.916687,1376.707057,1386.565591,
56,phase1,24,pair_025,0.933438,1376.723809,1386.582342,
57,phase1,24,pair_025,0.950309,1376.740679,1386.599213,
58,phase1,24,pair_025,0.967027,1376.757397,1386.61593,
59,phase1,24,pair_025,0.98339,1376.773762,1386.632294,
60,phase1,24,pair_025,1.000095,1376.790465,1386.648998,
61,phase1,24,pair_025,1.016768,1376.807138,1386.665671,
62,phase1,24,pair_025,1.033686,1376.824055,1386.682589,
63,phase1,24,pair_025,1.050037,1376.840407,1386.698941,
64,phase1,24,pair_025,1.066748,1376.857118,1386.715652,
65,phase1,24,pair_025,1.083374,1376.873744,1386.732278,
66,phase1,24,pair_025,1.100032,1376.890402,1386.748936,
67,phase1,24,pair_025,1.11667,1376.907045,1386.765573,
68,phase1,24,pair_025,1.133391,1376.923766,1386.782295,
69,phase1,24,pair_025,1.150099,1376.940472,1386.799002,
70,phase1,24,pair_025,1.166706,1376.957078,1386.81561,
71,phase1,24,pair_025,1.183383,1376.973754,1386.832287,
72,phase1,24,pair_025,1.200038,1376.990408,1386.848941,
73,phase1,24,pair_025,1.216664,1377.007034,1386.865567,
74,phase1,24,pair_025,1.233378,1377.023751,1386.882282,
75,phase1,24,pair_025,1.249947,1377.040317,1386.898851,
76,phase1,24,pair_025,1.266702,1377.057072,1386.915606,
77,phase1,24,pair_025,1.283413,1377.073783,1386.932317,
78,phase1,24,pair_025,1.300364,1377.090734,1386.949268,
79,phase1,24,pair_025,1.317012,1377.107382,1386.965915,
80,phase1,24,pair_025,1.333325,1377.123695,1386.982229,
81,phase1,24,pair_025,1.350082,1377.140454,1386.998986,
82,phase1,24,pair_025,1.366683,1377.157052,1387.015586,
83,phase1,24,pair_025,1.383669,1377.174039,1387.032573,
84,phase1,24,pair_025,1.400033,1377.190403,1387.048937,
85,phase1,24,pair_025,1.416767,1377.207139,1387.065671,
86,phase1,24,pair_025,1.43337,1377.223743,1387.082274,
87,phase1,24,pair_025,1.450336,1377.240706,1387.09924,
88,phase1,24,pair_025,1.466711,1377.257081,1387.115614,
89,phase1,24,pair_025,1.483385,1377.273758,1387.132289,
90,phase1,24,pair_025,1.50002,1377.29039,1387.148924,
91,phase1,24,pair_025,1.517017,1377.307389,1387.165921,
92,phase1,24,pair_025,1.533378,1377.323748,1387.182281,
93,phase1,24,pair_025,1.550044,1377.340416,1387.198948,
94,phase1,24,pair_025,1.566702,1377.357072,1387.215606,
95,phase1,24,pair_025,1.58368,1377.374051,1387.232584,
96,phase1,24,pair_025,1.600032,1377.390402,1387.248936,
97,phase1,24,pair_025,1.616697,1377.407067,1387.2656,
98,phase1,24,pair_025,1.633417,1377.423787,1387.28232,
99,phase1,24,pair_025,1.650035,1377.440405,1387.298939,
100,phase1,24,pair_025,1.666618,1377.456988,1387.315521,
101,phase1,24,pair_025,1.68338,1377.47375,1387.332284,
102,phase1,24,pair_025,1.700026,1377.490396,1387.348929,
103,phase1,24,pair_025,1.716628,1377.506998,1387.365532,
104,phase1,24,pair_025,1.733389,1377.523759,1387.382292,
105,phase1,24,pair_025,1.750026,1377.540396,1387.398929,
106,phase1,24,pair_025,1.766741,1377.557111,1387.415644,
107,phase1,24,pair_025,1.783344,1377.573716,1387.432248,
108,phase1,24,pair_025,1.800304,1377.590673,1387.449207,
109,phase1,24,pair_025,1.816651,1377.607021,1387.465555,
110,phase1,24,pair_025,1.833394,1377.623767,1387.482298,
111,phase1,24,pair_025,1.850036,1377.640406,1387.49894,
112,phase1,24,pair_025,1.866612,1377.656982,1387.515516,
113,phase1,24,pair_025,1.883284,1377.673654,1387.532187,
114,phase1,24,pair_025,1.900017,1377.690387,1387.548921,
115,phase1,24,pair_025,1.916749,1377.707119,1387.565653,
116,phase1,24,pair_025,1.933295,1377.723665,1387.582199,
117,phase1,24,pair_025,1.949985,1377.740355,1387.598889,
118,phase1,24,pair_025,1.966637,1377.757007,1387.61554,
119,phase1,24,pair_025,1.983304,1377.773674,1387.632207,
120,phase1,24,pair_025,1.999979,1377.790349,1387.648883,
121,phase1,24,pair_025,2.016631,1377.807001,1387.665534,
122,phase1,24,pair_025,2.033332,1377.823702,1387.682235,
123,phase1,24,pair_025,2.050009,1377.840379,1387.698913,
124,phase1,24,pair_025,2.066674,1377.85705,1387.715578,
125,phase1,24,pair_025,2.083664,1377.874034,1387.732568,
126,phase1,24,pair_025,2.10001,1377.890381,1387.748914,
127,phase1,24,pair_025,2.116679,1377.907049,1387.765582,
128,phase1,24,pair_025,2.13363,1377.924,1387.782534,
129,phase1,24,pair_025,2.149978,1377.940348,1387.798882,
130,phase1,24,pair_025,2.166606,1377.956976,1387.815509,
131,phase1,24,pair_025,2.183344,1377.973715,1387.832248,
132,phase1,24,pair_025,2.199999,1377.990369,1387.848903,
133,phase1,24,pair_025,2.216668,1378.007038,1387.865572,
134,phase1,24,pair_025,2.233325,1378.023695,1387.882229,
135,phase1,24,pair_025,2.250053,1378.040423,1387.898957,
136,phase1,24,pair_025,2.266624,1378.056994,1387.915527,
137,phase1,24,pair_025,2.283668,1378.074038,1387.932572,
138,phase1,24,pair_025,2.300008,1378.090378,1387.948912,
139,phase1,24,pair_025,2.316586,1378.106955,1387.965489,
140,phase1,24,pair_025,2.333299,1378.123669,1387.982203,
141,phase1,24,pair_025,2.350325,1378.140695,1387.999229,
142,phase1,24,pair_025,2.366674,1378.157043,1388.015577,
143,phase1,24,pair_025,2.383349,1378.173719,1388.032253,
144,phase1,24,pair_025,2.400059,1378.190429,1388.048963,
145,phase1,24,pair_025,2.416991,1378.207361,1388.065894,
146,phase1,24,pair_025,2.433358,1378.223728,1388.082262,
147,phase1,24,pair_025,2.450002,1378.240372,1388.098905,
148,phase1,24,pair_025,2.46667,1378.25704,1388.115574,
149,phase1,24,pair_025,2.483652,1378.274022,1388.132556,
150,phase1,24,pair_025,2.500302,1378.290672,1388.149206,
151,phase1,24,pair_025,2.51666,1378.30703,1388.165564,
152,phase1,24,pair_025,2.533329,1378.323699,1388.182233,
153,phase1,24,pair_025,2.550055,1378.340426,1388.198958,
154,phase1,24,pair_025,2.566953,1378.357323,1388.215856,
155,phase1,24,pair_025,2.583353,1378.373723,1388.232257,
156,phase1,24,pair_025,2.599993,1378.390363,1388.248897,
157,phase1,24,pair_025,2.616633,1378.407002,1388.265536,
158,phase1,24,pair_025,2.633624,1378.423994,1388.282528,
159,phase1,24,pair_025,2.649987,1378.440357,1388.29889,
160,phase1,24,pair_025,2.666704,1378.457074,1388.315607,
161,phase1,24,pair_025,2.68332,1378.47369,1388.332224,
162,phase1,24,pair_025,2.7003,1378.490669,1388.349203,
163,phase1,24,pair_025,2.716662,1378.507032,1388.365566,
164,phase1,24,pair_025,2.73334,1378.52371,1388.382244,
165,phase1,24,pair_025,2.750027,1378.5404,1388.398931,
166,phase1,24,pair_025,2.766583,1378.556953,1388.415487,
167,phase1,24,pair_025,2.783608,1378.573978,1388.432511,
168,phase1,24,pair_025,2.800057,1378.590427,1388.44896,
169,phase1,24,pair_025,2.816711,1378.607081,1388.465615,
170,phase1,24,pair_025,2.833672,1378.624042,1388.482576,
171,phase1,24,pair_025,2.85027,1378.64064,1388.499173,
172,phase1,24,pair_025,2.866659,1378.657029,1388.515563,
173,phase1,24,pair_025,2.883309,1378.673679,1388.532213,
174,phase1,24,pair_025,2.899969,1378.690339,1388.548873,
175,phase1,24,pair_025,2.91663,1378.707,1388.565533,
176,phase1,24,pair_025,2.933327,1378.723697,1388.58223,
177,phase1,24,pair_025,2.950031,1378.7404,1388.598934,
178,phase1,24,pair_025,2.966608,1378.756978,1388.615512,
179,phase1,24,pair_025,2.98328,1378.77365,1388.632183,
180,phase1,24,pair_025,2.999989,1378.790359,1388.648892,
181,phase1,24,pair_025,3.016636,1378.807006,1388.66554,
182,phase1,24,pair_025,3.033582,1378.823952,1388.682486,
183,phase1,24,pair_025,3.050275,1378.840645,1388.699178,
184,phase1,24,pair_025,3.066572,1378.856942,1388.715476,
185,phase1,24,pair_025,3.083307,1378.873677,1388.73221,
186,phase1,24,pair_025,3.099966,1378.890335,1388.748869,
187,phase1,24,pair_025,3.116954,1378.907324,1388.765858,
188,phase1,24,pair_025,3.133324,1378.923694,1388.782228,
189,phase1,24,pair_025,3.149977,1378.940347,1388.79888,
190,phase1,24,pair_025,3.16664,1378.95701,1388.815543,
191,phase1,24,pair_025,3.183316,1378.973686,1388.83222,
192,phase1,24,pair_025,3.199993,1378.990363,1388.848896,
193,phase1,24,pair_025,3.216583,1379.006953,1388.865487,
194,phase1,24,pair_025,3.233305,1379.023675,1388.882208,
195,phase1,24,pair_025,3.250314,1379.040684,1388.899218,
196,phase1,24,pair_025,3.266674,1379.057044,1388.915577,
197,phase1,24,pair_025,3.283359,1379.073731,1388.932262,
198,phase1,24,pair_025,3.299966,1379.090336,1388.948869,
199,phase1,24,pair_025,3.316976,1379.107346,1388.965879,
200,phase1,24,pair_025,3.333564,1379.123934,1388.982467,
201,phase1,24,pair_025,3.349983,1379.140353,1388.998886,
202,phase1,24,pair_025,3.366716,1379.157086,1389.01562,
203,phase1,24,pair_025,3.383271,1379.173641,1389.032175,
204,phase1,24,pair_025,3.400263,1379.190633,1389.049167,
205,phase1,24,pair_025,3.41667,1379.20704,1389.065574,
206,phase1,24,pair_025,3.433349,1379.223719,1389.082252,
207,phase1,24,pair_025,3.44997,1379.24034,1389.098873,
208,phase1,24,pair_025,3.466941,1379.257311,1389.115845,
209,phase1,24,pair_025,3.483338,1379.273707,1389.132241,
210,phase1,24,pair_025,3.499948,1379.290317,1389.148851,
211,phase1,24,pair_025,3.516582,1379.306951,1389.165485,
212,phase1,24,pair_025,3.533609,1379.323979,1389.182513,
213,phase1,24,pair_025,3.549988,1379.340358,1389.198892,
214,phase1,24,pair_025,3.566642,1379.357012,1389.215546,
215,phase1,24,pair_025,3.583389,1379.373759,1389.232292,
216,phase1,24,pair_025,3.599958,1379.390327,1389.248861,
217,phase1,24,pair_025,3.616648,1379.407018,1389.265552,
218,phase1,24,pair_025,3.633268,1379.423638,1389.282171,
219,phase1,24,pair_025,3.650033,1379.440402,1389.298936,
220,phase1,24,pair_025,3.66655,1379.456919,1389.315453,
221,phase1,24,pair_025,3.683304,1379.473674,1389.332207,
222,phase1,24,pair_025,3.699946,1379.490316,1389.34885,
223,phase1,24,pair_025,3.716666,1379.507036,1389.365569,
224,phase1,24,pair_025,3.733604,1379.523973,1389.382507,
225,phase1,24,pair_025,3.750261,1379.540631,1389.399164,
226,phase1,24,pair_025,3.766636,1379.557006,1389.41554,
227,phase1,24,pair_025,3.783294,1379.573663,1389.432197,
228,phase1,24,pair_025,3.800275,1379.590645,1389.449178,
229,phase1,24,pair_025,3.81657,1379.60694,1389.465474,
230,phase1,24,pair_025,3.833307,1379.623676,1389.48221,
231,phase1,24,pair_025,3.849927,1379.640297,1389.498831,
232,phase1,24,pair_025,3.866611,1379.656981,1389.515514,
233,phase1,24,pair_025,3.883605,1379.673975,1389.532508,
234,phase1,24,pair_025,3.900029,1379.690399,1389.548933,
235,phase1,24,pair_025,3.916593,1379.706963,1389.565497,
236,phase1,24,pair_025,3.933351,1379.723721,1389.582255,
237,phase1,24,pair_025,3.949938,1379.740308,1389.598842,
238,phase1,24,pair_025,3.96667,1379.75704,1389.615574,
239,phase1,24,pair_025,3.983728,1379.774098,1389.632632,
240,phase1,24,pair_025,4.000081,1379.790452,1389.648985,
241,phase1,24,pair_025,4.016754,1379.807126,1389.665657,
242,phase1,24,pair_025,4.033357,1379.823728,1389.682261,
243,phase1,24,pair_025,4.050057,1379.840427,1389.69896,
244,phase1,24,pair_025,4.066742,1379.857112,1389.715646,
245,phase1,24,pair_025,4.083379,1379.873748,1389.732282,
246,phase1,24,pair_025,4.100055,1379.890425,1389.748958,
247,phase1,24,pair_025,4.116709,1379.907079,1389.765613,
248,phase1,24,pair_025,4.13368,1379.92405,1389.782584,
249,phase1,24,pair_025,4.150067,1379.940437,1389.79897,
250,phase1,24,pair_025,4.166702,1379.957073,1389.815605,
251,phase1,24,pair_025,4.183697,1379.974066,1389.8326,
252,phase1,24,pair_025,4.200351,1379.990721,1389.849255,
253,phase1,24,pair_025,4.216733,1380.007102,1389.865636,
254,phase1,24,pair_025,4.233397,1380.023767,1389.882301,
255,phase1,24,pair_025,4.250048,1380.040422,1389.898952,
256,phase1,24,pair_025,4.266704,1380.057075,1389.915608,
257,phase1,24,pair_025,4.283411,1380.073781,1389.932315,
258,phase1,24,pair_025,4.299983,1380.090352,1389.948886,
259,phase1,24,pair_025,4.316767,1380.107137,1389.965671,
260,phase1,24,pair_025,4.333697,1380.124067,1389.982601,
261,phase1,24,pair_025,4.350052,1380.140421,1389.998955,
262,phase1,24,pair_025,4.366711,1380.157081,1390.015615,
263,phase1,24,pair_025,4.383366,1380.173736,1390.03227,
264,phase1,24,pair_025,4.400367,1380.190737,1390.049271,
265,phase1,24,pair_025,4.416705,1380.207075,1390.065608,
266,phase1,24,pair_025,4.433385,1380.223758,1390.082289,
267,phase1,24,pair_025,4.450129,1380.240499,1390.099032,
268,phase1,24,pair_025,4.467004,1380.257374,1390.115908,
269,phase1,24,pair_025,4.48338,1380.273749,1390.132283,
270,phase1,24,pair_025,4.500048,1380.290417,1390.148951,
271,phase1,24,pair_025,4.516719,1380.307089,1390.165623,
272,phase1,24,pair_025,4.53338,1380.32375,1390.182283,
273,phase1,24,pair_025,4.550335,1380.340705,1390.199239,
274,phase1,24,pair_025,4.566721,1380.35709,1390.215624,
275,phase1,24,pair_025,4.583354,1380.373723,1390.232257,
276,phase1,24,pair_025,4.600019,1380.390389,1390.248923,
277,phase1,24,pair_025,4.617022,1380.407392,1390.265925,
278,phase1,24,pair_025,4.63338,1380.42375,1390.282284,
279,phase1,24,pair_025,4.650018,1380.44041,1390.298922,
280,phase1,24,pair_025,4.666674,1380.457044,1390.315578,
281,phase1,24,pair_025,4.683358,1380.473728,1390.332262,
282,phase1,24,pair_025,4.700033,1380.490402,1390.348936,
283,phase1,24,pair_025,4.716636,1380.507005,1390.365539,
284,phase1,24,pair_025,4.733376,1380.523748,1390.38228,
285,phase1,24,pair_025,4.750354,1380.540723,1390.399257,
286,phase1,24,pair_025,4.766713,1380.557085,1390.415617,
287,phase1,24,pair_025,4.783362,1380.573731,1390.432265,
288,phase1,24,pair_025,4.800082,1380.590452,1390.448985,
289,phase1,24,pair_025,4.816647,1380.607016,1390.46555,
290,phase1,24,pair_025,4.833648,1380.624018,1390.482552,
291,phase1,24,pair_025,4.849998,1380.640368,1390.498902,
292,phase1,24,pair_025,4.866702,1380.657072,1390.515605,
293,phase1,24,pair_025,4.88335,1380.67372,1390.532254,
294,phase1,24,pair_025,4.900328,1380.6907,1390.549231,
295,phase1,24,pair_025,4.916709,1380.707082,1390.565612,
296,phase1,24,pair_025,4.933332,1380.723701,1390.582235,
297,phase1,24,pair_025,4.950014,1380.740384,1390.598918,
298,phase1,24,pair_025,4.967007,1380.757376,1390.61591,
299,phase1,24,pair_025,4.983365,1380.773735,1390.632269,
300,phase1,24,pair_025,5.000044,1380.790414,1390.648948,
301,phase1,24,pair_025,5.017036,1380.807406,1390.66594,
302,phase1,24,pair_025,5.033674,1380.824043,1390.682577,
303,phase1,24,pair_025,5.050017,1380.840387,1390.698921,
304,phase1,24,pair_025,5.06672,1380.85709,1390.715623,
305,phase1,24,pair_025,5.083358,1380.873728,1390.732261,
306,phase1,24,pair_025,5.100008,1380.890378,1390.748911,
307,phase1,24,pair_025,5.11668,1380.907049,1390.765583,
308,phase1,24,pair_025,5.13336,1380.92373,1390.782264,
309,phase1,24,pair_025,5.150069,1380.940439,1390.798973,
310,phase1,24,pair_025,5.167009,1380.957379,1390.815913,
311,phase1,24,pair_025,5.183311,1380.973681,1390.832215,
312,phase1,24,pair_025,5.200035,1380.990405,1390.848938,
313,phase1,24,pair_025,5.216912,1381.007281,1390.865815,
314,phase1,24,pair_025,5.23332,1381.02369,1390.882224,
315,phase1,24,pair_025,5.250294,1381.040664,1390.899198,
316,phase1,24,pair_025,5.266693,1381.057063,1390.915597,
317,phase1,24,pair_025,5.283402,1381.073772,1390.932306,
318,phase1,24,pair_025,5.300017,1381.090579,1390.948921,
319,phase1,24,pair_025,5.316501,1381.10687,1390.965405,
320,phase1,24,pair_025,5.333308,1381.123678,1390.982211,
321,phase1,24,pair_025,5.350041,1381.14041,1390.998944,
322,phase1,24,pair_025,5.366672,1381.157042,1391.015575,
323,phase1,24,pair_025,5.383661,1381.174031,1391.032565,
324,phase1,24,pair_025,5.400016,1381.190386,1391.04892,
325,phase1,24,pair_025,5.416685,1381.207055,1391.065589,
326,phase1,24,pair_025,5.433348,1381.223718,1391.082252,
327,phase1,24,pair_025,5.450316,1381.240685,1391.099219,
328,phase1,24,pair_025,5.466656,1381.257025,1391.115559,
329,phase1,24,pair_025,5.483387,1381.273757,1391.132291,
330,phase1,24,pair_025,5.499995,1381.290366,1391.148898,
331,phase1,24,pair_025,5.516977,1381.307347,1391.165881,
332,phase1,24,pair_025,5.533332,1381.323702,1391.182236,
333,phase1,24,pair_025,5.550038,1381.340422,1391.198942,
334,phase1,24,pair_025,5.566595,1381.356965,1391.215498,
335,phase1,24,pair_025,5.583628,1381.373998,1391.232531,
336,phase1,24,pair_025,5.599981,1381.390351,1391.248885,
337,phase1,24,pair_025,5.616607,1381.406977,1391.265511,
338,phase1,24,pair_025,5.633391,1381.42376,1391.282294,
339,phase1,24,pair_025,5.649985,1381.440357,1391.298888,
340,phase1,24,pair_025,5.666955,1381.457325,1391.315858,
341,phase1,24,pair_025,5.683326,1381.473698,1391.33223,
342,phase1,24,pair_025,5.699979,1381.490348,1391.348882,
343,phase1,24,pair_025,5.716598,1381.506968,1391.365501,
344,phase1,24,pair_025,5.733306,1381.523676,1391.38221,
345,phase1,24,pair_025,5.749999,1381.540369,1391.398903,
346,phase1,24,pair_025,5.766718,1381.557088,1391.415622,
347,phase1,24,pair_025,5.783659,1381.574029,1391.432563,
348,phase1,24,pair_025,5.800301,1381.590673,1391.449204,
349,phase1,24,pair_025,5.816671,1381.607041,1391.465575,
350,phase1,24,pair_025,5.833273,1381.623643,1391.482177,
351,phase1,24,pair_025,5.85003,1381.6404,1391.498934,
352,phase1,24,pair_025,5.866969,1381.657339,1391.515872,
353,phase1,24,pair_025,5.883329,1381.673698,1391.532232,
354,phase1,24,pair_025,5.899959,1381.690329,1391.548863,
355,phase1,24,pair_025,5.916616,1381.706986,1391.56552,
356,phase1,24,pair_025,5.933631,1381.724001,1391.582535,
357,phase1,24,pair_025,5.950019,1381.740389,1391.598923,
358,phase1,24,pair_025,5.966942,1381.757312,1391.615846,
359,phase1,24,pair_025,5.983399,1381.773769,1391.632302,
360,phase1,24,pair_025,5.999971,1381.790353,1391.648875,
361,phase1,24,pair_025,6.016955,1381.807327,1391.665859,
362,phase1,24,pair_025,6.033399,1381.82377,1391.682302,
363,phase1,24,pair_025,6.049968,1381.840338,1391.698871,
364,phase1,24,pair_025,6.066617,1381.856987,1391.715521,
365,phase1,24,pair_025,6.083617,1381.873987,1391.732521,
366,phase1,24,pair_025,6.099964,1381.890334,1391.748867,
367,phase1,24,pair_025,6.116652,1381.907023,1391.765555,
368,phase1,24,pair_025,6.133652,1381.924022,1391.782555,
369,phase1,24,pair_025,6.150275,1381.940645,1391.799179,
370,phase1,24,pair_025,6.166668,1381.95704,1391.815572,
371,phase1,24,pair_025,6.183305,1381.973675,1391.832208,
372,phase1,24,pair_025,6.200295,1381.990665,1391.849199,
373,phase1,24,pair_025,6.216957,1382.007327,1391.86586,
374,phase1,24,pair_025,6.233288,1382.023657,1391.882191,
375,phase1,24,pair_025,6.249969,1382.040339,1391.898873,
376,phase1,24,pair_025,6.266656,1382.057026,1391.91556,
377,phase1,24,pair_025,6.283636,1382.074006,1391.93254,
378,phase1,24,pair_025,6.300051,1382.090421,1391.948955,
379,phase1,24,pair_025,6.316675,1382.107045,1391.965578,
380,phase1,24,pair_025,6.333226,1382.123596,1391.98213,
381,phase1,24,pair_025,6.350283,1382.140653,1391.999187,
382,phase1,24,pair_025,6.36658,1382.15695,1392.015484,
383,phase1,24,pair_025,6.383397,1382.173767,1392.032301,
384,phase1,24,pair_025,6.400023,1382.190392,1392.048926,
385,phase1,24,pair_025,6.416652,1382.207021,1392.065555,
386,phase1,24,pair_025,6.433306,1382.223675,1392.082209,
387,phase1,24,pair_025,6.450029,1382.240416,1392.098933,
388,phase1,24,pair_025,6.466713,1382.257103,1392.115617,
389,phase1,24,pair_025,6.483327,1382.273697,1392.132231,
390,phase1,24,pair_025,6.500274,1382.290644,1392.149177,
391,phase1,24,pair_025,6.516629,1382.306999,1392.165533,
392,phase1,24,pair_025,6.533292,1382.323662,1392.182195,
393,phase1,24,pair_025,6.55027,1382.340639,1392.199173,
394,phase1,24,pair_025,6.566613,1382.356983,1392.215516,
395,phase1,24,pair_025,6.583317,1382.373686,1392.23222,
396,phase1,24,pair_025,6.599947,1382.390316,1392.24885,
397,phase1,24,pair_025,6.616681,1382.407051,1392.265585,
398,phase1,24,pair_025,6.633587,1382.423957,1392.28249,
399,phase1,24,pair_025,6.649964,1382.440334,1392.298868,
400,phase1,24,pair_025,6.666597,1382.456967,1392.315501,
401,phase1,24,pair_025,6.683308,1382.473677,1392.332211,
402,phase1,24,pair_025,6.700289,1382.490658,1392.349192,
403,phase1,24,pair_025,6.716649,1382.507019,1392.365553,
404,phase1,24,pair_025,6.733317,1382.523686,1392.38222,
405,phase1,24,pair_025,6.750012,1382.540382,1392.398915,
406,phase1,24,pair_025,6.766543,1382.556913,1392.415447,
407,phase1,24,pair_025,6.783311,1382.573681,1392.432215,
408,phase1,24,pair_025,6.80003,1382.5904,1392.448934,
409,phase1,24,pair_025,6.816678,1382.607051,1392.465582,
410,phase1,24,pair_025,6.833239,1382.623609,1392.482142,
411,phase1,24,pair_025,6.850253,1382.640622,1392.499156,
412,phase1,24,pair_025,6.86661,1382.656982,1392.515514,
413,phase1,24,pair_025,6.883356,1382.673726,1392.53226,
414,phase1,24,pair_025,6.900286,1382.690656,1392.54919,
415,phase1,24,pair_025,6.916916,1382.707285,1392.565819,
416,phase1,24,pair_025,6.9333,1382.72367,1392.582204,
417,phase1,24,pair_025,6.950002,1382.740372,1392.598906,
418,phase1,24,pair_025,6.966615,1382.756985,1392.615519,
419,phase1,24,pair_025,6.983318,1382.773689,1392.632221,
420,phase1,24,pair_025,6.999969,1382.790338,1392.648872,
421,phase1,24,pair_025,7.016629,1382.807,1392.665533,
422,phase1,24,pair_025,7.033653,1382.824023,1392.682557,
423,phase1,24,pair_025,7.050262,1382.840632,1392.699165,
424,phase1,24,pair_025,-1375.790631,1383.057085,9.858273,response
0,phase2,24,pair_025,0.0,1384.273763,1394.132291,single_opt_onset_seq1_opt2_盲
1,phase2,24,pair_025,0.016603,1384.29036,1394.148894,
2,phase2,24,pair_025,0.033311,1384.307067,1394.165602,
3,phase2,24,pair_025,0.049959,1384.323715,1394.18225,
4,phase2,24,pair_025,0.066608,1384.340364,1394.198899,
5,phase2,24,pair_025,0.083279,1384.357035,1394.21557,
6,phase2,24,pair_025,0.099949,1384.373705,1394.23224,
7,phase2,24,pair_025,0.116612,1384.390372,1394.248903,
8,phase2,24,pair_025,0.133587,1384.407342,1394.265878,
9,phase2,24,pair_025,0.149958,1384.423715,1394.282249,
10,phase2,24,pair_025,0.166554,1384.44031,1394.298845,
11,phase2,24,pair_025,0.183275,1384.45703,1394.315566,
12,phase2,24,pair_025,0.200214,1384.47397,1394.332505,
13,phase2,24,pair_025,0.216608,1384.490363,1394.348899,
14,phase2,24,pair_025,0.233271,1384.507026,1394.365562,
15,phase2,24,pair_025,0.250203,1384.523958,1394.382494,
16,phase2,24,pair_025,0.266931,1384.540686,1394.399222,
17,phase2,24,pair_025,0.283282,1384.557037,1394.415573,
18,phase2,24,pair_025,0.299934,1384.573689,1394.432225,
19,phase2,24,pair_025,0.31687,1384.590626,1394.449162,
20,phase2,24,pair_025,0.333604,1384.607358,1394.465895,
21,phase2,24,pair_025,0.349924,1384.62368,1394.482215,
22,phase2,24,pair_025,0.36655,1384.640305,1394.498841,
23,phase2,24,pair_025,0.383267,1384.657022,1394.515558,
24,phase2,24,pair_025,0.39991,1384.673668,1394.532201,
25,phase2,24,pair_025,0.41691,1384.690665,1394.549201,
26,phase2,24,pair_025,0.433267,1384.707031,1394.565558,
27,phase2,24,pair_025,0.450021,1384.723777,1394.582312,
28,phase2,24,pair_025,0.466858,1384.740613,1394.599149,
29,phase2,24,pair_025,0.48356,1384.757316,1394.615851,
30,phase2,24,pair_025,0.499929,1384.773684,1394.63222,
31,phase2,24,pair_025,0.516592,1384.790347,1394.648883,
32,phase2,24,pair_025,0.533256,1384.807012,1394.665548,
33,phase2,24,pair_025,0.550221,1384.823976,1394.682512,
34,phase2,24,pair_025,0.566559,1384.840315,1394.69885,
35,phase2,24,pair_025,0.58325,1384.857005,1394.715541,
36,phase2,24,pair_025,0.600199,1384.873956,1394.73249,
37,phase2,24,pair_025,0.616587,1384.890343,1394.748878,
38,phase2,24,pair_025,0.633258,1384.907013,1394.765549,
39,phase2,24,pair_025,0.649936,1384.923693,1394.782227,
40,phase2,24,pair_025,0.666588,1384.940344,1394.798879,
41,phase2,24,pair_025,0.683572,1384.957327,1394.815863,
42,phase2,24,pair_025,0.699913,1384.973668,1394.832204,
43,phase2,24,pair_025,0.716542,1384.990298,1394.848834,
44,phase2,24,pair_025,0.733298,1385.007053,1394.865589,
45,phase2,24,pair_025,0.74992,1385.023676,1394.882211,
46,phase2,24,pair_025,0.766871,1385.040626,1394.899162,
47,phase2,24,pair_025,0.78324,1385.056996,1394.915531,
48,phase2,24,pair_025,0.799907,1385.073662,1394.932198,
49,phase2,24,pair_025,0.816564,1385.090319,1394.948855,
50,phase2,24,pair_025,0.833559,1385.107315,1394.96585,
51,phase2,24,pair_025,0.84989,1385.123645,1394.982181,
52,phase2,24,pair_025,0.866631,1385.140387,1394.998922,
53,phase2,24,pair_025,0.883202,1385.156957,1395.015493,
54,phase2,24,pair_025,0.899844,1385.173599,1395.032135,
55,phase2,24,pair_025,0.916587,1385.190343,1395.048878,
56,phase2,24,pair_025,0.933228,1385.206984,1395.065519,
57,phase2,24,pair_025,0.95021,1385.223965,1395.082501,
58,phase2,24,pair_025,0.966895,1385.24065,1395.099186,
59,phase2,24,pair_025,0.983238,1385.256993,1395.115529,
60,phase2,24,pair_025,0.999921,1385.273676,1395.132212,
61,phase2,24,pair_025,1.016851,1385.29061,1395.149142,
62,phase2,24,pair_025,1.033571,1385.307326,1395.165862,
63,phase2,24,pair_025,1.049922,1385.323677,1395.182213,
64,phase2,24,pair_025,1.066614,1385.340371,1395.198905,
65,phase2,24,pair_025,1.083284,1385.357039,1395.215575,
66,phase2,24,pair_025,1.099893,1385.373648,1395.232184,
67,phase2,24,pair_025,1.116564,1385.390319,1395.248855,
68,phase2,24,pair_025,1.133283,1385.407041,1395.265574,
69,phase2,24,pair_025,1.149899,1385.423654,1395.28219,
70,phase2,24,pair_025,1.166581,1385.440338,1395.298872,
71,phase2,24,pair_025,1.183501,1385.457257,1395.315792,
72,phase2,24,pair_025,1.199907,1385.473664,1395.332198,
73,phase2,24,pair_025,1.216852,1385.490607,1395.349143,
74,phase2,24,pair_025,1.233522,1385.507278,1395.365814,
75,phase2,24,pair_025,1.250225,1385.523981,1395.382517,
76,phase2,24,pair_025,1.266546,1385.540301,1395.398837,
77,phase2,24,pair_025,1.283261,1385.557018,1395.415552,
78,phase2,24,pair_025,1.299861,1385.573616,1395.432152,
79,phase2,24,pair_025,1.316878,1385.590633,1395.449169,
80,phase2,24,pair_025,1.333215,1385.60697,1395.465506,
81,phase2,24,pair_025,1.349874,1385.623629,1395.482165,
82,phase2,24,pair_025,1.36683,1385.640585,1395.499121,
83,phase2,24,pair_025,1.383221,1385.656976,1395.515512,
84,phase2,24,pair_025,1.399903,1385.673658,1395.532194,
85,phase2,24,pair_025,1.416598,1385.690353,1395.548889,
86,phase2,24,pair_025,1.433526,1385.707282,1395.565817,
87,phase2,24,pair_025,1.450223,1385.723978,1395.582514,
88,phase2,24,pair_025,1.466564,1385.740319,1395.598855,
89,phase2,24,pair_025,1.483221,1385.756977,1395.615512,
90,phase2,24,pair_025,1.499878,1385.773633,1395.632169,
0,phase2,24,pair_025,0.0,1385.790298,1395.648831,iti_onset_dur_0.795
1,phase2,24,pair_025,0.016682,1385.806977,1395.665514,
2,phase2,24,pair_025,0.033391,1385.823686,1395.682222,
3,phase2,24,pair_025,0.050045,1385.84034,1395.698876,
4,phase2,24,pair_025,0.066971,1385.857266,1395.715802,
5,phase2,24,pair_025,0.0833,1385.873595,1395.732132,
6,phase2,24,pair_025,0.099975,1385.89027,1395.748806,
7,phase2,24,pair_025,0.116677,1385.906972,1395.765508,
8,phase2,24,pair_025,0.13333,1385.923625,1395.782162,
9,phase2,24,pair_025,0.150313,1385.940608,1395.799145,
10,phase2,24,pair_025,0.166628,1385.956923,1395.815459,
11,phase2,24,pair_025,0.1834,1385.973695,1395.832231,
12,phase2,24,pair_025,0.199983,1385.990277,1395.848814,
13,phase2,24,pair_025,0.216981,1386.007281,1395.865813,
14,phase2,24,pair_025,0.233344,1386.023639,1395.882175,
15,phase2,24,pair_025,0.250009,1386.040304,1395.89884,
16,phase2,24,pair_025,0.266954,1386.057249,1395.915785,
17,phase2,24,pair_025,0.283643,1386.073938,1395.932474,
18,phase2,24,pair_025,0.3,1386.090297,1395.948832,
19,phase2,24,pair_025,0.316672,1386.106967,1395.965504,
20,phase2,24,pair_025,0.33332,1386.123615,1395.982151,
21,phase2,24,pair_025,0.349993,1386.140287,1395.998824,
22,phase2,24,pair_025,0.366959,1386.157254,1396.015791,
23,phase2,24,pair_025,0.383345,1386.17364,1396.032176,
24,phase2,24,pair_025,0.399962,1386.190257,1396.048794,
25,phase2,24,pair_025,0.417001,1386.207296,1396.065832,
26,phase2,24,pair_025,0.433614,1386.223908,1396.082445,
27,phase2,24,pair_025,0.450041,1386.240335,1396.098872,
28,phase2,24,pair_025,0.466669,1386.256963,1396.1155,
29,phase2,24,pair_025,0.483319,1386.273614,1396.13215,
30,phase2,24,pair_025,0.500309,1386.290604,1396.14914,
31,phase2,24,pair_025,0.516696,1386.306991,1396.165528,
32,phase2,24,pair_025,0.533376,1386.323671,1396.182207,
33,phase2,24,pair_025,0.549977,1386.340272,1396.198809,
34,phase2,24,pair_025,0.56696,1386.357255,1396.215791,
35,phase2,24,pair_025,0.58336,1386.373655,1396.232191,
36,phase2,24,pair_025,0.600288,1386.390583,1396.249119,
37,phase2,24,pair_025,0.616713,1386.407007,1396.265544,
38,phase2,24,pair_025,0.633651,1386.423946,1396.282482,
39,phase2,24,pair_025,0.65,1386.440295,1396.298831,
40,phase2,24,pair_025,0.666648,1386.456943,1396.315479,
41,phase2,24,pair_025,0.68335,1386.473648,1396.332181,
42,phase2,24,pair_025,0.699936,1386.49023,1396.348767,
43,phase2,24,pair_025,0.716657,1386.506952,1396.365488,
44,phase2,24,pair_025,0.733343,1386.523637,1396.382174,
45,phase2,24,pair_025,0.75026,1386.540555,1396.399091,
46,phase2,24,pair_025,0.76664,1386.556935,1396.415471,
47,phase2,24,pair_025,0.783602,1386.573897,1396.432433,
0,phase2,24,pair_025,0.0,1386.590345,1396.448877,single_opt_onset_seq2_opt1_阴天
1,phase2,24,pair_025,0.016676,1386.607018,1396.465553,
2,phase2,24,pair_025,0.033258,1386.623599,1396.482135,
3,phase2,24,pair_025,0.05025,1386.640592,1396.499127,
4,phase2,24,pair_025,0.066646,1386.656987,1396.515523,
5,phase2,24,pair_025,0.08326,1386.673602,1396.532137,
6,phase2,24,pair_025,0.099933,1386.690275,1396.54881,
7,phase2,24,pair_025,0.116903,1386.707244,1396.56578,
8,phase2,24,pair_025,0.133342,1386.723684,1396.582219,
9,phase2,24,pair_025,0.149945,1386.740286,1396.598822,
10,phase2,24,pair_025,0.166578,1386.756919,1396.615455,
11,phase2,24,pair_025,0.183269,1386.773611,1396.632146,
12,phase2,24,pair_025,0.199968,1386.790309,1396.648845,
13,phase2,24,pair_025,0.216586,1386.806927,1396.665463,
14,phase2,24,pair_025,0.233337,1386.823678,1396.682214,
15,phase2,24,pair_025,0.250245,1386.840586,1396.699122,
16,phase2,24,pair_025,0.266633,1386.856974,1396.71551,
17,phase2,24,pair_025,0.283294,1386.873636,1396.732171,
18,phase2,24,pair_025,0.299914,1386.890255,1396.748791,
19,phase2,24,pair_025,0.31657,1386.906911,1396.765447,
20,phase2,24,pair_025,0.333301,1386.923642,1396.782178,
21,phase2,24,pair_025,0.349978,1386.940319,1396.798855,
22,phase2,24,pair_025,0.366599,1386.956941,1396.815476,
23,phase2,24,pair_025,0.383255,1386.973596,1396.832132,
24,phase2,24,pair_025,0.399882,1386.990223,1396.848759,
25,phase2,24,pair_025,0.416644,1387.006985,1396.865521,
26,phase2,24,pair_025,0.43322,1387.023561,1396.882097,
27,phase2,24,pair_025,0.449916,1387.040257,1396.898793,
28,phase2,24,pair_025,0.466891,1387.057232,1396.915768,
29,phase2,24,pair_025,0.483352,1387.073693,1396.932229,
30,phase2,24,pair_025,0.499915,1387.090256,1396.948792,
31,phase2,24,pair_025,0.516579,1387.106921,1396.965456,
32,phase2,24,pair_025,0.533561,1387.123902,1396.982438,
33,phase2,24,pair_025,0.549897,1387.140238,1396.998774,
34,phase2,24,pair_025,0.566824,1387.157165,1397.015701,
35,phase2,24,pair_025,0.583559,1387.1739,1397.032436,
36,phase2,24,pair_025,0.600238,1387.190579,1397.049115,
37,phase2,24,pair_025,0.616574,1387.206915,1397.065451,
38,phase2,24,pair_025,0.633534,1387.223875,1397.082411,
39,phase2,24,pair_025,0.649932,1387.240273,1397.098809,
40,phase2,24,pair_025,0.666908,1387.257249,1397.115785,
41,phase2,24,pair_025,0.683255,1387.273596,1397.132132,
42,phase2,24,pair_025,0.69991,1387.290251,1397.148787,
43,phase2,24,pair_025,0.716662,1387.307003,1397.165539,
44,phase2,24,pair_025,0.7332,1387.323541,1397.182077,
45,phase2,24,pair_025,0.74993,1387.340272,1397.198807,
46,phase2,24,pair_025,0.766615,1387.356956,1397.215492,
47,phase2,24,pair_025,0.783287,1387.373628,1397.232164,
48,phase2,24,pair_025,0.799912,1387.390253,1397.248789,
49,phase2,24,pair_025,0.816879,1387.407221,1397.265756,
50,phase2,24,pair_025,0.833303,1387.423644,1397.28218,
51,phase2,24,pair_025,0.849923,1387.440264,1397.2988,
52,phase2,24,pair_025,0.866585,1387.456926,1397.315462,
53,phase2,24,pair_025,0.88354,1387.473881,1397.332417,
54,phase2,24,pair_025,0.899902,1387.490243,1397.348779,
55,phase2,24,pair_025,0.916607,1387.506948,1397.365484,
56,phase2,24,pair_025,0.933565,1387.523906,1397.382442,
57,phase2,24,pair_025,0.950203,1387.540544,1397.39908,
58,phase2,24,pair_025,0.966604,1387.556945,1397.415481,
59,phase2,24,pair_025,0.98331,1387.573652,1397.432187,
60,phase2,24,pair_025,1.000214,1387.590556,1397.449091,
61,phase2,24,pair_025,1.016893,1387.607234,1397.46577,
62,phase2,24,pair_025,1.033349,1387.62369,1397.482226,
63,phase2,24,pair_025,1.050345,1387.640686,1397.499222,
64,phase2,24,pair_025,1.066647,1387.656988,1397.515524,
65,phase2,24,pair_025,1.083344,1387.673685,1397.532221,
66,phase2,24,pair_025,1.100044,1387.690391,1397.548921,
67,phase2,24,pair_025,1.117004,1387.707345,1397.565881,
68,phase2,24,pair_025,1.133364,1387.723704,1397.582241,
69,phase2,24,pair_025,1.150018,1387.740358,1397.598895,
70,phase2,24,pair_025,1.166736,1387.757076,1397.615613,
71,phase2,24,pair_025,1.183313,1387.773654,1397.63219,
72,phase2,24,pair_025,1.200023,1387.790365,1397.6489,
73,phase2,24,pair_025,1.216639,1387.80698,1397.665516,
74,phase2,24,pair_025,1.233351,1387.823692,1397.682228,
75,phase2,24,pair_025,1.249994,1387.840335,1397.698871,
76,phase2,24,pair_025,1.266983,1387.857324,1397.71586,
77,phase2,24,pair_025,1.28335,1387.873691,1397.732227,
78,phase2,24,pair_025,1.300015,1387.890356,1397.748892,
79,phase2,24,pair_025,1.316988,1387.907329,1397.765865,
80,phase2,24,pair_025,1.33366,1387.924001,1397.782537,
81,phase2,24,pair_025,1.350026,1387.940367,1397.798903,
82,phase2,24,pair_025,1.366667,1387.957008,1397.815544,
83,phase2,24,pair_025,1.383634,1387.973975,1397.832511,
84,phase2,24,pair_025,1.399944,1387.990285,1397.848821,
85,phase2,24,pair_025,1.416691,1388.007032,1397.865568,
86,phase2,24,pair_025,1.433329,1388.02367,1397.882206,
87,phase2,24,pair_025,1.450009,1388.04035,1397.898886,
88,phase2,24,pair_025,1.46698,1388.057321,1397.915857,
89,phase2,24,pair_025,1.483364,1388.073705,1397.932241,
90,phase2,24,pair_025,1.500007,1388.090348,1397.948884,
0,phase2,24,pair_025,0.0,1388.107067,1397.965601,iti_onset_dur_0.965
1,phase2,24,pair_025,0.01659,1388.123657,1397.98219,
2,phase2,24,pair_025,0.03328,1388.140346,1397.998881,
3,phase2,24,pair_025,0.049922,1388.156986,1398.015522,
4,phase2,24,pair_025,0.066614,1388.173679,1398.032215,
5,phase2,24,pair_025,0.083246,1388.19031,1398.048847,
6,phase2,24,pair_025,0.100248,1388.207312,1398.065848,
7,phase2,24,pair_025,0.116445,1388.223509,1398.082045,
8,phase2,24,pair_025,0.133514,1388.240578,1398.099115,
9,phase2,24,pair_025,0.150216,1388.25728,1398.115816,
10,phase2,24,pair_025,0.166611,1388.273676,1398.132212,
11,phase2,24,pair_025,0.18325,1388.290315,1398.148851,
12,phase2,24,pair_025,0.199991,1388.307056,1398.165592,
13,phase2,24,pair_025,0.216571,1388.323635,1398.182171,
14,phase2,24,pair_025,0.233575,1388.340639,1398.199176,
15,phase2,24,pair_025,0.249927,1388.356991,1398.215528,
16,phase2,24,pair_025,0.266633,1388.373698,1398.232234,
17,phase2,24,pair_025,0.283311,1388.390376,1398.248912,
18,phase2,24,pair_025,0.300254,1388.407319,1398.265855,
19,phase2,24,pair_025,0.316561,1388.423625,1398.282161,
20,phase2,24,pair_025,0.333252,1388.440316,1398.298852,
21,phase2,24,pair_025,0.350175,1388.45724,1398.315776,
22,phase2,24,pair_025,0.36691,1388.473974,1398.33251,
23,phase2,24,pair_025,0.383261,1388.490326,1398.348862,
24,phase2,24,pair_025,0.399931,1388.506995,1398.365531,
25,phase2,24,pair_025,0.416581,1388.523646,1398.382181,
26,phase2,24,pair_025,0.433253,1388.540317,1398.398853,
27,phase2,24,pair_025,0.45021,1388.557275,1398.415811,
28,phase2,24,pair_025,0.46662,1388.573685,1398.432221,
29,phase2,24,pair_025,0.483314,1388.590378,1398.448915,
30,phase2,24,pair_025,0.499915,1388.606979,1398.465515,
31,phase2,24,pair_025,0.516899,1388.623963,1398.482499,
32,phase2,24,pair_025,0.533249,1388.640314,1398.49885,
33,phase2,24,pair_025,0.549897,1388.656961,1398.515497,
34,phase2,24,pair_025,0.566903,1388.673968,1398.532504,
35,phase2,24,pair_025,0.58355,1388.690614,1398.549151,
36,phase2,24,pair_025,0.599924,1388.706991,1398.565524,
37,phase2,24,pair_025,0.616621,1388.723685,1398.582222,
38,phase2,24,pair_025,0.63355,1388.740614,1398.59915,
39,phase2,24,pair_025,0.650235,1388.757299,1398.615836,
40,phase2,24,pair_025,0.666615,1388.773684,1398.632215,
41,phase2,24,pair_025,0.683241,1388.790305,1398.648841,
42,phase2,24,pair_025,0.699946,1388.807011,1398.665546,
43,phase2,24,pair_025,0.71687,1388.823935,1398.682471,
44,phase2,24,pair_025,0.733235,1388.8403,1398.698836,
45,phase2,24,pair_025,0.74992,1388.856984,1398.715521,
46,phase2,24,pair_025,0.76685,1388.873914,1398.73245,
47,phase2,24,pair_025,0.783243,1388.890307,1398.748844,
48,phase2,24,pair_025,0.800192,1388.907256,1398.765792,
49,phase2,24,pair_025,0.816584,1388.923648,1398.782185,
50,phase2,24,pair_025,0.833224,1388.940289,1398.798825,
51,phase2,24,pair_025,0.849895,1388.956963,1398.815496,
52,phase2,24,pair_025,0.866867,1388.973931,1398.832467,
53,phase2,24,pair_025,0.883249,1388.990313,1398.84885,
54,phase2,24,pair_025,0.899959,1389.00703,1398.865559,
55,phase2,24,pair_025,0.916869,1389.023933,1398.882469,
56,phase2,24,pair_025,0.933532,1389.040596,1398.899132,
57,phase2,24,pair_025,0.949902,1389.056966,1398.915503,
0,phase2,24,pair_025,0.0,1389.073695,1398.932223,single_opt_onset_seq3_opt3_幼小
1,phase2,24,pair_025,0.016611,1389.090298,1398.948833,
2,phase2,24,pair_025,0.033593,1389.10728,1398.965816,
3,phase2,24,pair_025,0.049965,1389.123655,1398.982188,
4,phase2,24,pair_025,0.066871,1389.140558,1398.999094,
5,phase2,24,pair_025,0.083281,1389.156968,1399.015504,
6,phase2,24,pair_025,0.100275,1389.173963,1399.032498,
7,phase2,24,pair_025,0.116624,1389.190312,1399.048847,
8,phase2,24,pair_025,0.133296,1389.206983,1399.065519,
9,phase2,24,pair_025,0.149937,1389.223625,1399.08216,
10,phase2,24,pair_025,0.166537,1389.240224,1399.09876,
11,phase2,24,pair_025,0.183299,1389.256986,1399.115521,
12,phase2,24,pair_025,0.199988,1389.273676,1399.13221,
13,phase2,24,pair_025,0.216888,1389.290575,1399.149111,
14,phase2,24,pair_025,0.23326,1389.306947,1399.165482,
15,phase2,24,pair_025,0.249936,1389.323623,1399.182158,
16,phase2,24,pair_025,0.266658,1389.340348,1399.19888,
17,phase2,24,pair_025,0.283265,1389.356952,1399.215488,
18,phase2,24,pair_025,0.299934,1389.373621,1399.232157,
19,phase2,24,pair_025,0.316856,1389.390542,1399.249078,
20,phase2,24,pair_025,0.333298,1389.406985,1399.265521,
21,phase2,24,pair_025,0.349905,1389.423592,1399.282128,
22,phase2,24,pair_025,0.366581,1389.440268,1399.298804,
23,phase2,24,pair_025,0.383578,1389.457269,1399.315801,
24,phase2,24,pair_025,0.39989,1389.473577,1399.332113,
25,phase2,24,pair_025,0.416675,1389.490362,1399.348898,
26,phase2,24,pair_025,0.43355,1389.507236,1399.365772,
27,phase2,24,pair_025,0.449939,1389.523626,1399.382162,
28,phase2,24,pair_025,0.466595,1389.540282,1399.398817,
29,phase2,24,pair_025,0.483258,1389.556945,1399.41548,
30,phase2,24,pair_025,0.499942,1389.573629,1399.432165,
31,phase2,24,pair_025,0.516911,1389.590598,1399.449134,
32,phase2,24,pair_025,0.533261,1389.606948,1399.465484,
33,phase2,24,pair_025,0.549981,1389.623669,1399.482203,
34,phase2,24,pair_025,0.566863,1389.640551,1399.499086,
35,phase2,24,pair_025,0.583584,1389.657272,1399.515807,
36,phase2,24,pair_025,0.599924,1389.673612,1399.532147,
37,phase2,24,pair_025,0.616641,1389.690331,1399.548863,
38,phase2,24,pair_025,0.633253,1389.70694,1399.565476,
39,phase2,24,pair_025,0.650254,1389.723941,1399.582477,
40,phase2,24,pair_025,0.666597,1389.740283,1399.59882,
41,phase2,24,pair_025,0.683306,1389.756992,1399.615528,
42,phase2,24,pair_025,0.699961,1389.773647,1399.632183,
43,phase2,24,pair_025,0.716579,1389.790266,1399.648802,
44,phase2,24,pair_025,0.733546,1389.807233,1399.665769,
45,phase2,24,pair_025,0.749962,1389.823649,1399.682185,
46,phase2,24,pair_025,0.766596,1389.840283,1399.698819,
47,phase2,24,pair_025,0.783216,1389.856903,1399.715439,
48,phase2,24,pair_025,0.800222,1389.873909,1399.732445,
49,phase2,24,pair_025,0.816564,1389.890251,1399.748787,
50,phase2,24,pair_025,0.833231,1389.906918,1399.765454,
51,phase2,24,pair_025,0.8499,1389.923587,1399.782123,
52,phase2,24,pair_025,0.866903,1389.940589,1399.799125,
53,phase2,24,pair_025,0.883267,1389.956954,1399.81549,
54,phase2,24,pair_025,0.899915,1389.973602,1399.832138,
55,phase2,24,pair_025,0.916582,1389.990269,1399.848804,
56,phase2,24,pair_025,0.93356,1390.007247,1399.865783,
57,phase2,24,pair_025,0.949922,1390.023609,1399.882145,
58,phase2,24,pair_025,0.966595,1390.040282,1399.898818,
59,phase2,24,pair_025,0.983226,1390.056912,1399.915448,
60,phase2,24,pair_025,0.999907,1390.073594,1399.93213,
61,phase2,24,pair_025,1.016581,1390.090268,1399.948804,
62,phase2,24,pair_025,1.033303,1390.10699,1399.965526,
63,phase2,24,pair_025,1.049961,1390.123648,1399.982184,
64,phase2,24,pair_025,1.066579,1390.140266,1399.998802,
65,phase2,24,pair_025,1.083241,1390.156928,1400.015464,
66,phase2,24,pair_025,1.099911,1390.173598,1400.032134,
67,phase2,24,pair_025,1.116629,1390.190315,1400.048851,
68,phase2,24,pair_025,1.133254,1390.206941,1400.065477,
69,phase2,24,pair_025,1.150204,1390.22389,1400.082427,
70,phase2,24,pair_025,1.166633,1390.24032,1400.098856,
71,phase2,24,pair_025,1.183449,1390.257137,1400.115672,
72,phase2,24,pair_025,1.200212,1390.273899,1400.132434,
73,phase2,24,pair_025,1.216882,1390.290569,1400.149105,
74,phase2,24,pair_025,1.233271,1390.306958,1400.165494,
75,phase2,24,pair_025,1.249918,1390.323605,1400.182141,
76,phase2,24,pair_025,1.266543,1390.34023,1400.198765,
77,phase2,24,pair_025,1.283544,1390.357231,1400.215767,
78,phase2,24,pair_025,1.29996,1390.373647,1400.232182,
79,phase2,24,pair_025,1.31659,1390.390276,1400.248813,
80,phase2,24,pair_025,1.33324,1390.406927,1400.265463,
81,phase2,24,pair_025,1.3502,1390.423887,1400.282423,
82,phase2,24,pair_025,1.366602,1390.440289,1400.298825,
83,phase2,24,pair_025,1.383498,1390.457184,1400.31572,
84,phase2,24,pair_025,1.399964,1390.47365,1400.332186,
85,phase2,24,pair_025,1.416909,1390.490596,1400.349132,
86,phase2,24,pair_025,1.433236,1390.506923,1400.365459,
87,phase2,24,pair_025,1.449934,1390.523621,1400.382157,
88,phase2,24,pair_025,1.466842,1390.540528,1400.399064,
89,phase2,24,pair_025,1.483233,1390.55692,1400.415456,
90,phase2,24,pair_025,1.500199,1390.573886,1400.432422,
0,phase2,24,pair_025,0.0,1390.590278,1400.448812,iti_onset_dur_0.878
1,phase2,24,pair_025,0.016624,1390.6069,1400.465436,
2,phase2,24,pair_025,0.033311,1390.623587,1400.482123,
3,phase2,24,pair_025,0.049982,1390.640258,1400.498794,
4,phase2,24,pair_025,0.066648,1390.656924,1400.515461,
5,phase2,24,pair_025,0.083338,1390.673614,1400.53215,
6,phase2,24,pair_025,0.099981,1390.690257,1400.548793,
7,phase2,24,pair_025,0.116965,1390.707241,1400.565777,
8,phase2,24,pair_025,0.133332,1390.723608,1400.582144,
9,phase2,24,pair_025,0.150001,1390.740276,1400.598813,
10,phase2,24,pair_025,0.166973,1390.757248,1400.615785,
11,phase2,24,pair_025,0.183623,1390.773899,1400.632436,
12,phase2,24,pair_025,0.199992,1390.790268,1400.648804,
13,phase2,24,pair_025,0.216663,1390.806939,1400.665475,
14,phase2,24,pair_025,0.233349,1390.823625,1400.682161,
15,phase2,24,pair_025,0.25027,1390.840546,1400.699082,
16,phase2,24,pair_025,0.266676,1390.856952,1400.715489,
17,phase2,24,pair_025,0.283307,1390.873583,1400.732119,
18,phase2,24,pair_025,0.299953,1390.890229,1400.748766,
19,phase2,24,pair_025,0.31695,1390.907226,1400.765762,
20,phase2,24,pair_025,0.333296,1390.923572,1400.782108,
21,phase2,24,pair_025,0.349972,1390.940248,1400.798784,
22,phase2,24,pair_025,0.366572,1390.956847,1400.815384,
23,phase2,24,pair_025,0.383309,1390.973584,1400.832121,
24,phase2,24,pair_025,0.400259,1390.990534,1400.849071,
25,phase2,24,pair_025,0.41664,1391.006916,1400.865453,
26,phase2,24,pair_025,0.433328,1391.023604,1400.88214,
27,phase2,24,pair_025,0.449969,1391.040245,1400.898782,
28,phase2,24,pair_025,0.466927,1391.057202,1400.915739,
29,phase2,24,pair_025,0.483316,1391.073592,1400.932128,
30,phase2,24,pair_025,0.500053,1391.090521,1400.948866,
31,phase2,24,pair_025,0.516584,1391.10686,1400.965396,
32,phase2,24,pair_025,0.533597,1391.123873,1400.98241,
33,phase2,24,pair_025,0.549974,1391.140257,1400.998786,
34,phase2,24,pair_025,0.566632,1391.156908,1401.015444,
35,phase2,24,pair_025,0.583294,1391.17357,1401.032107,
36,phase2,24,pair_025,0.600279,1391.190555,1401.049091,
37,phase2,24,pair_025,0.616872,1391.207148,1401.065685,
38,phase2,24,pair_025,0.633553,1391.223832,1401.082366,
39,phase2,24,pair_025,0.650021,1391.240297,1401.098833,
40,phase2,24,pair_025,0.66661,1391.256885,1401.115422,
41,phase2,24,pair_025,0.683249,1391.273524,1401.132061,
42,phase2,24,pair_025,0.699952,1391.290228,1401.148764,
43,phase2,24,pair_025,0.716689,1391.306965,1401.165501,
44,phase2,24,pair_025,0.733281,1391.323556,1401.182093,
45,phase2,24,pair_025,0.750222,1391.340498,1401.199034,
46,phase2,24,pair_025,0.76661,1391.356886,1401.215423,
47,phase2,24,pair_025,0.783286,1391.373562,1401.232098,
48,phase2,24,pair_025,0.799935,1391.39021,1401.248747,
49,phase2,24,pair_025,0.816923,1391.407199,1401.265735,
50,phase2,24,pair_025,0.833269,1391.423545,1401.282082,
51,phase2,24,pair_025,0.849944,1391.44022,1401.298756,
52,phase2,24,pair_025,0.866598,1391.456873,1401.31541,
0,phase2,24,pair_025,0.0,1391.473571,1401.332103,single_opt_onset_seq4_opt4_冻结
1,phase2,24,pair_025,0.016656,1391.490225,1401.34876,
2,phase2,24,pair_025,0.033571,1391.507141,1401.365674,
3,phase2,24,pair_025,0.050268,1391.523836,1401.382372,
4,phase2,24,pair_025,0.066962,1391.54053,1401.399065,
5,phase2,24,pair_025,0.083691,1391.557259,1401.415795,
6,phase2,24,pair_025,0.100125,1391.573696,1401.432228,
7,phase2,24,pair_025,0.11679,1391.590362,1401.448894,
8,phase2,24,pair_025,0.133456,1391.607024,1401.465559,
9,phase2,24,pair_025,0.150107,1391.623675,1401.482211,
10,phase2,24,pair_025,0.167069,1391.640637,1401.499173,
11,phase2,24,pair_025,0.183434,1391.657001,1401.515537,
12,phase2,24,pair_025,0.200097,1391.673665,1401.532201,
13,phase2,24,pair_025,0.216779,1391.690348,1401.548882,
14,phase2,24,pair_025,0.233747,1391.707315,1401.565851,
15,phase2,24,pair_025,0.250086,1391.723657,1401.58219,
16,phase2,24,pair_025,0.266779,1391.740348,1401.598882,
17,phase2,24,pair_025,0.283479,1391.757046,1401.615582,
18,phase2,24,pair_025,0.300428,1391.773996,1401.632532,
19,phase2,24,pair_025,0.316771,1391.790338,1401.648874,
20,phase2,24,pair_025,0.333405,1391.806975,1401.665509,
21,phase2,24,pair_025,0.350115,1391.823682,1401.682218,
22,phase2,24,pair_025,0.366765,1391.840332,1401.698868,
23,phase2,24,pair_025,0.383722,1391.857289,1401.715825,
24,phase2,24,pair_025,0.400105,1391.873673,1401.732208,
25,phase2,24,pair_025,0.416778,1391.890345,1401.748881,
26,phase2,24,pair_025,0.433413,1391.90698,1401.765516,
27,phase2,24,pair_025,0.450401,1391.923968,1401.782504,
28,phase2,24,pair_025,0.466742,1391.940309,1401.798845,
29,phase2,24,pair_025,0.483428,1391.956996,1401.815532,
30,phase2,24,pair_025,0.5004,1391.973967,1401.832503,
31,phase2,24,pair_025,0.517066,1391.990633,1401.849169,
32,phase2,24,pair_025,0.533409,1392.006976,1401.865512,
33,phase2,24,pair_025,0.550088,1392.023656,1401.882192,
34,phase2,24,pair_025,0.566785,1392.040352,1401.898888,
35,phase2,24,pair_025,0.583756,1392.057323,1401.915859,
36,phase2,24,pair_025,0.600082,1392.073649,1401.932185,
37,phase2,24,pair_025,0.616762,1392.090332,1401.948865,
38,phase2,24,pair_025,0.633475,1392.107043,1401.965578,
39,phase2,24,pair_025,0.65007,1392.123637,1401.982173,
40,phase2,24,pair_025,0.666756,1392.140323,1401.998859,
41,phase2,24,pair_025,0.683419,1392.156987,1402.015522,
42,phase2,24,pair_025,0.700141,1392.173709,1402.032245,
43,phase2,24,pair_025,0.71675,1392.190322,1402.048853,
44,phase2,24,pair_025,0.733426,1392.206993,1402.065529,
45,phase2,24,pair_025,0.750073,1392.223641,1402.082177,
46,phase2,24,pair_025,0.766741,1392.240308,1402.098844,
47,phase2,24,pair_025,0.783411,1392.256979,1402.115514,
48,phase2,24,pair_025,0.800371,1392.273939,1402.132475,
49,phase2,24,pair_025,0.816634,1392.290203,1402.148737,
50,phase2,24,pair_025,0.833471,1392.307039,1402.165575,
51,phase2,24,pair_025,0.850428,1392.323995,1402.182531,
52,phase2,24,pair_025,0.867007,1392.340575,1402.199111,
53,phase2,24,pair_025,0.883407,1392.356974,1402.21551,
54,phase2,24,pair_025,0.90009,1392.373658,1402.232194,
55,phase2,24,pair_025,0.916775,1392.390343,1402.248879,
56,phase2,24,pair_025,0.933391,1392.406958,1402.265494,
57,phase2,24,pair_025,0.950064,1392.423633,1402.282168,
58,phase2,24,pair_025,0.96671,1392.440281,1402.298813,
59,phase2,24,pair_025,0.983399,1392.456967,1402.315502,
60,phase2,24,pair_025,1.000068,1392.473636,1402.332172,
61,phase2,24,pair_025,1.016731,1392.490298,1402.348834,
62,phase2,24,pair_025,1.0334,1392.506968,1402.365504,
63,phase2,24,pair_025,1.050317,1392.523884,1402.38242,
64,phase2,24,pair_025,1.067058,1392.540625,1402.399161,
65,phase2,24,pair_025,1.083411,1392.556978,1402.415514,
66,phase2,24,pair_025,1.100059,1392.573627,1402.432162,
67,phase2,24,pair_025,1.116717,1392.590286,1402.448821,
68,phase2,24,pair_025,1.133405,1392.606973,1402.465508,
69,phase2,24,pair_025,1.15035,1392.623917,1402.482453,
70,phase2,24,pair_025,1.16674,1392.640308,1402.498844,
71,phase2,24,pair_025,1.183426,1392.657008,1402.51553,
72,phase2,24,pair_025,1.200071,1392.673638,1402.532174,
73,phase2,24,pair_025,1.217023,1392.69059,1402.549126,
74,phase2,24,pair_025,1.233396,1392.706963,1402.565499,
75,phase2,24,pair_025,1.250067,1392.723636,1402.582171,
76,phase2,24,pair_025,1.267039,1392.740607,1402.599143,
77,phase2,24,pair_025,1.283703,1392.757273,1402.615807,
78,phase2,24,pair_025,1.300042,1392.77361,1402.632146,
79,phase2,24,pair_025,1.316754,1392.790322,1402.648858,
80,phase2,24,pair_025,1.333361,1392.806929,1402.665465,
81,phase2,24,pair_025,1.350363,1392.823931,1402.682467,
82,phase2,24,pair_025,1.366732,1392.840299,1402.698835,
83,phase2,24,pair_025,1.383445,1392.857013,1402.715549,
84,phase2,24,pair_025,1.400078,1392.873646,1402.732182,
85,phase2,24,pair_025,1.416674,1392.890241,1402.748777,
86,phase2,24,pair_025,1.4334,1392.906968,1402.765504,
87,phase2,24,pair_025,1.450049,1392.923616,1402.782152,
88,phase2,24,pair_025,1.467015,1392.940583,1402.799119,
89,phase2,24,pair_025,1.48338,1392.956947,1402.815483,
90,phase2,24,pair_025,1.500348,1392.973916,1402.832451,
0,phase2,24,pair_025,0.0,1392.990296,1402.84883,iti_onset_dur_1.489
1,phase2,24,pair_025,0.016685,1393.006979,1402.865516,
2,phase2,24,pair_025,0.033319,1393.023613,1402.88215,
3,phase2,24,pair_025,0.050265,1393.04056,1402.899096,
4,phase2,24,pair_025,0.066632,1393.056926,1402.915463,
5,phase2,24,pair_025,0.083325,1393.07362,1402.932156,
6,phase2,24,pair_025,0.099969,1393.090263,1402.948799,
7,phase2,24,pair_025,0.116627,1393.106921,1402.965458,
8,phase2,24,pair_025,0.133271,1393.123565,1402.982101,
9,phase2,24,pair_025,0.150023,1393.14032,1402.998854,
10,phase2,24,pair_025,0.166939,1393.157233,1403.015769,
11,phase2,24,pair_025,0.183633,1393.173927,1403.032463,
12,phase2,24,pair_025,0.200002,1393.190296,1403.048832,
13,phase2,24,pair_025,0.216665,1393.206959,1403.065495,
14,phase2,24,pair_025,0.233361,1393.223655,1403.082191,
15,phase2,24,pair_025,0.25031,1393.240604,1403.09914,
16,phase2,24,pair_025,0.266641,1393.256935,1403.115471,
17,phase2,24,pair_025,0.283326,1393.273621,1403.132156,
18,phase2,24,pair_025,0.299996,1393.290291,1403.148827,
19,phase2,24,pair_025,0.316574,1393.306868,1403.165404,
20,phase2,24,pair_025,0.333261,1393.323555,1403.182092,
21,phase2,24,pair_025,0.350015,1393.340313,1403.198845,
22,phase2,24,pair_025,0.366579,1393.356873,1403.21541,
23,phase2,24,pair_025,0.383304,1393.373599,1403.232135,
24,phase2,24,pair_025,0.400272,1393.390566,1403.249102,
25,phase2,24,pair_025,0.416608,1393.406902,1403.265438,
26,phase2,24,pair_025,0.433557,1393.423856,1403.282387,
27,phase2,24,pair_025,0.449958,1393.440252,1403.298789,
28,phase2,24,pair_025,0.466932,1393.457226,1403.315763,
29,phase2,24,pair_025,0.483301,1393.473595,1403.332131,
30,phase2,24,pair_025,0.500021,1393.490315,1403.348851,
31,phase2,24,pair_025,0.516631,1393.506925,1403.365462,
32,phase2,24,pair_025,0.533651,1393.523945,1403.382481,
33,phase2,24,pair_025,0.549964,1393.54026,1403.398795,
34,phase2,24,pair_025,0.566639,1393.556933,1403.41547,
35,phase2,24,pair_025,0.583301,1393.573596,1403.432132,
36,phase2,24,pair_025,0.600287,1393.590581,1403.449117,
37,phase2,24,pair_025,0.616619,1393.606913,1403.46545,
38,phase2,24,pair_025,0.633329,1393.623623,1403.48216,
39,phase2,24,pair_025,0.650226,1393.64052,1403.499057,
40,phase2,24,pair_025,0.66695,1393.657244,1403.515781,
41,phase2,24,pair_025,0.683558,1393.673852,1403.532389,
42,phase2,24,pair_025,0.699994,1393.690288,1403.548825,
43,phase2,24,pair_025,0.716909,1393.707203,1403.56574,
44,phase2,24,pair_025,0.733276,1393.72357,1403.582107,
45,phase2,24,pair_025,0.750246,1393.74054,1403.599076,
46,phase2,24,pair_025,0.766647,1393.756941,1403.615478,
47,phase2,24,pair_025,0.783285,1393.773578,1403.632115,
48,phase2,24,pair_025,0.800287,1393.790581,1403.649117,
49,phase2,24,pair_025,0.816917,1393.807211,1403.665748,
50,phase2,24,pair_025,0.833318,1393.823612,1403.682149,
51,phase2,24,pair_025,0.84999,1393.840284,1403.698821,
52,phase2,24,pair_025,0.866939,1393.857233,1403.715769,
53,phase2,24,pair_025,0.883584,1393.873878,1403.732414,
54,phase2,24,pair_025,0.899941,1393.890235,1403.748771,
55,phase2,24,pair_025,0.91663,1393.906924,1403.765461,
56,phase2,24,pair_025,0.933282,1393.923576,1403.782113,
57,phase2,24,pair_025,0.950249,1393.940543,1403.79908,
58,phase2,24,pair_025,0.966574,1393.956868,1403.815405,
59,phase2,24,pair_025,0.983334,1393.973628,1403.832165,
60,phase2,24,pair_025,1.000241,1393.990535,1403.849071,
61,phase2,24,pair_025,1.016935,1394.007229,1403.865765,
62,phase2,24,pair_025,1.033275,1394.023569,1403.882105,
63,phase2,24,pair_025,1.050014,1394.040308,1403.898845,
64,phase2,24,pair_025,1.066625,1394.056921,1403.915456,
65,phase2,24,pair_025,1.083599,1394.073893,1403.93243,
66,phase2,24,pair_025,1.099944,1394.090238,1403.948775,
67,phase2,24,pair_025,1.116623,1394.106917,1403.965454,
68,phase2,24,pair_025,1.13327,1394.123564,1403.9821,
69,phase2,24,pair_025,1.14994,1394.140234,1403.998771,
70,phase2,24,pair_025,1.166898,1394.157192,1404.015728,
71,phase2,24,pair_025,1.183296,1394.17359,1404.032127,
72,phase2,24,pair_025,1.199956,1394.190251,1404.048787,
73,phase2,24,pair_025,1.216906,1394.2072,1404.065736,
74,phase2,24,pair_025,1.233573,1394.223867,1404.082403,
75,phase2,24,pair_025,1.249921,1394.240215,1404.098752,
76,phase2,24,pair_025,1.266613,1394.256907,1404.115444,
77,phase2,24,pair_025,1.283561,1394.273855,1404.132391,
78,phase2,24,pair_025,1.300245,1394.290539,1404.149076,
79,phase2,24,pair_025,1.316639,1394.306933,1404.16547,
80,phase2,24,pair_025,1.333252,1394.323546,1404.182082,
81,phase2,24,pair_025,1.349915,1394.340209,1404.198745,
82,phase2,24,pair_025,1.366902,1394.357196,1404.215733,
83,phase2,24,pair_025,1.38327,1394.373564,1404.2321,
84,phase2,24,pair_025,1.399979,1394.390272,1404.248809,
85,phase2,24,pair_025,1.416573,1394.406867,1404.265403,
86,phase2,24,pair_025,1.433577,1394.423871,1404.282407,
87,phase2,24,pair_025,1.449948,1394.440242,1404.298778,
88,phase2,24,pair_025,1.466625,1394.456919,1404.315456,
89,phase2,24,pair_025,1.48332,1394.473614,1404.332151,
0,phase2,24,pair_025,0.0,1395.340286,1405.198813,final_choice_onset
1,phase2,24,pair_025,0.016579,1395.35686,1405.215392,
2,phase2,24,pair_025,0.033357,1395.373637,1405.23217,
3,phase2,24,pair_025,0.050263,1395.390542,1405.249075,
4,phase2,24,pair_025,0.066615,1395.406895,1405.265427,
5,phase2,24,pair_025,0.083304,1395.423583,1405.282116,
6,phase2,24,pair_025,0.099943,1395.440223,1405.298756,
7,phase2,24,pair_025,0.116589,1395.456868,1405.315402,
8,phase2,24,pair_025,0.133271,1395.47355,1405.332083,
9,phase2,24,pair_025,0.150036,1395.490319,1405.348849,
10,phase2,24,pair_025,0.167001,1395.50728,1405.365813,
11,phase2,24,pair_025,0.183394,1395.523679,1405.382207,
12,phase2,24,pair_025,0.200049,1395.540329,1405.398862,
13,phase2,24,pair_025,0.21701,1395.557289,1405.415822,
14,phase2,24,pair_025,0.233679,1395.573959,1405.432492,
15,phase2,24,pair_025,0.250033,1395.590313,1405.448846,
16,phase2,24,pair_025,0.266716,1395.606995,1405.465528,
17,phase2,24,pair_025,0.283389,1395.623669,1405.482202,
18,phase2,24,pair_025,0.300333,1395.640613,1405.499146,
19,phase2,24,pair_025,0.316709,1395.656988,1405.515522,
20,phase2,24,pair_025,0.333371,1395.673651,1405.532184,
21,phase2,24,pair_025,0.350078,1395.690358,1405.548891,
22,phase2,24,pair_025,0.367041,1395.70732,1405.565853,
23,phase2,24,pair_025,0.383322,1395.723601,1405.582135,
24,phase2,24,pair_025,0.399989,1395.740269,1405.598802,
25,phase2,24,pair_025,0.416739,1395.757022,1405.615551,
26,phase2,24,pair_025,0.433682,1395.773962,1405.632495,
27,phase2,24,pair_025,0.450043,1395.790322,1405.648856,
28,phase2,24,pair_025,0.466688,1395.806969,1405.6655,
29,phase2,24,pair_025,0.483454,1395.823733,1405.682267,
30,phase2,24,pair_025,0.500012,1395.840291,1405.698825,
31,phase2,24,pair_025,0.516695,1395.856975,1405.715508,
32,phase2,24,pair_025,0.533366,1395.873646,1405.732179,
33,phase2,24,pair_025,0.550015,1395.890294,1405.748827,
34,phase2,24,pair_025,0.567021,1395.9073,1405.765833,
35,phase2,24,pair_025,0.583661,1395.92394,1405.782473,
36,phase2,24,pair_025,0.600031,1395.94031,1405.798844,
37,phase2,24,pair_025,0.61669,1395.95697,1405.815503,
38,phase2,24,pair_025,0.633645,1395.973924,1405.832458,
39,phase2,24,pair_025,0.650317,1395.990597,1405.84913,
40,phase2,24,pair_025,0.666678,1396.006957,1405.86549,
41,phase2,24,pair_025,0.683343,1396.023623,1405.882156,
42,phase2,24,pair_025,0.700337,1396.040616,1405.899149,
43,phase2,24,pair_025,0.717002,1396.057281,1405.915815,
44,phase2,24,pair_025,0.73331,1396.073589,1405.932122,
45,phase2,24,pair_025,0.750016,1396.090299,1405.948829,
46,phase2,24,pair_025,0.766681,1396.106961,1405.965494,
47,phase2,24,pair_025,0.78368,1396.123959,1405.982493,
48,phase2,24,pair_025,0.800016,1396.140295,1405.998828,
49,phase2,24,pair_025,0.816698,1396.156978,1406.015511,
50,phase2,24,pair_025,0.83339,1396.17367,1406.032203,
51,phase2,24,pair_025,0.850008,1396.190287,1406.048821,
52,phase2,24,pair_025,0.866696,1396.206977,1406.065508,
53,phase2,24,pair_025,0.883332,1396.223611,1406.082145,
54,phase2,24,pair_025,0.900007,1396.240292,1406.098819,
55,phase2,24,pair_025,0.916665,1396.256945,1406.115478,
56,phase2,24,pair_025,0.933343,1396.273623,1406.132156,
57,phase2,24,pair_025,0.950013,1396.290292,1406.148825,
58,phase2,24,pair_025,0.96672,1396.306999,1406.165532,
59,phase2,24,pair_025,0.983328,1396.323609,1406.18214,
60,phase2,24,pair_025,1.000328,1396.340607,1406.199141,
61,phase2,24,pair_025,1.016567,1396.356846,1406.215379,
62,phase2,24,pair_025,1.033337,1396.373616,1406.232149,
63,phase2,24,pair_025,1.050299,1396.390578,1406.249111,
64,phase2,24,pair_025,1.066947,1396.407226,1406.265759,
65,phase2,24,pair_025,1.083345,1396.423624,1406.282157,
66,phase2,24,pair_025,1.100007,1396.440287,1406.298819,
67,phase2,24,pair_025,1.11666,1396.45694,1406.315473,
68,phase2,24,pair_025,1.133641,1396.473921,1406.332454,
69,phase2,24,pair_025,1.150001,1396.49028,1406.348813,
70,phase2,24,pair_025,1.16667,1396.50695,1406.365483,
71,phase2,24,pair_025,1.183342,1396.523622,1406.382155,
72,phase2,24,pair_025,1.199994,1396.540274,1406.398807,
73,phase2,24,pair_025,1.216687,1396.556966,1406.415499,
74,phase2,24,pair_025,1.233325,1396.573605,1406.432138,
75,phase2,24,pair_025,1.250039,1396.590318,1406.448851,
76,phase2,24,pair_025,1.266647,1396.606926,1406.465459,
77,phase2,24,pair_025,1.283628,1396.623908,1406.48244,
78,phase2,24,pair_025,1.299983,1396.640262,1406.498795,
79,phase2,24,pair_025,1.316672,1396.656954,1406.515485,
80,phase2,24,pair_025,1.333303,1396.673583,1406.532116,
81,phase2,24,pair_025,1.350312,1396.690592,1406.549124,
82,phase2,24,pair_025,1.366676,1396.706958,1406.565489,
83,phase2,24,pair_025,1.383316,1396.723596,1406.582129,
84,phase2,24,pair_025,1.399984,1396.740264,1406.598796,
85,phase2,24,pair_025,1.416954,1396.757234,1406.615767,
86,phase2,24,pair_025,1.433328,1396.773608,1406.63214,
87,phase2,24,pair_025,1.450032,1396.790312,1406.648845,
88,phase2,24,pair_025,1.466646,1396.806927,1406.665459,
89,phase2,24,pair_025,1.483631,1396.82391,1406.682443,
90,phase2,24,pair_025,1.499978,1396.840258,1406.698791,
91,phase2,24,pair_025,1.516711,1396.856994,1406.715524,
92,phase2,24,pair_025,1.533341,1396.873621,1406.732154,
93,phase2,24,pair_025,1.549969,1396.890248,1406.748781,
94,phase2,24,pair_025,1.566646,1396.906925,1406.765458,
95,phase2,24,pair_025,1.583359,1396.923639,1406.782172,
96,phase2,24,pair_025,1.600262,1396.940541,1406.799074,
97,phase2,24,pair_025,1.61664,1396.956919,1406.815452,
98,phase2,24,pair_025,1.633567,1396.973846,1406.832379,
99,phase2,24,pair_025,1.649985,1396.990265,1406.848798,
100,phase2,24,pair_025,1.666716,1397.006995,1406.865529,
101,phase2,24,pair_025,1.68331,1397.023589,1406.882122,
102,phase2,24,pair_025,1.700284,1397.040564,1406.899097,
103,phase2,24,pair_025,1.716622,1397.056901,1406.915434,
104,phase2,24,pair_025,1.733329,1397.073609,1406.932142,
105,phase2,24,pair_025,1.750257,1397.090536,1406.949069,
106,phase2,24,pair_025,1.76694,1397.10722,1406.965753,
107,phase2,24,pair_025,1.783309,1397.123588,1406.982121,
108,phase2,24,pair_025,1.800018,1397.140297,1406.99883,
109,phase2,24,pair_025,1.816622,1397.156902,1407.015434,
110,phase2,24,pair_025,1.833621,1397.1739,1407.032434,
111,phase2,24,pair_025,1.85,1397.190279,1407.048812,
112,phase2,24,pair_025,1.866657,1397.206938,1407.065469,
113,phase2,24,pair_025,1.88332,1397.223599,1407.082133,
114,phase2,24,pair_025,1.900297,1397.240578,1407.09911,
115,phase2,24,pair_025,1.91664,1397.25692,1407.115453,
116,phase2,24,pair_025,1.933385,1397.273666,1407.132197,
117,phase2,24,pair_025,1.949982,1397.290262,1407.148795,
118,phase2,24,pair_025,1.966611,1397.306891,1407.165424,
119,phase2,24,pair_025,1.983318,1397.323598,1407.182131,
120,phase2,24,pair_025,2.000033,1397.340314,1407.198845,
121,phase2,24,pair_025,2.016652,1397.356934,1407.215465,
122,phase2,24,pair_025,2.033222,1397.373501,1407.232034,
123,phase2,24,pair_025,2.049891,1397.390171,1407.248704,
124,phase2,24,pair_025,2.066687,1397.406968,1407.2655,
125,phase2,24,pair_025,2.083252,1397.423532,1407.282065,
126,phase2,24,pair_025,2.100307,1397.440587,1407.29912,
127,phase2,24,pair_025,2.116632,1397.456911,1407.315444,
128,phase2,24,pair_025,2.133239,1397.473519,1407.332052,
129,phase2,24,pair_025,2.149975,1397.490254,1407.348787,
130,phase2,24,pair_025,2.166956,1397.507235,1407.365768,
131,phase2,24,pair_025,2.183611,1397.523891,1407.382424,
132,phase2,24,pair_025,2.199954,1397.540233,1407.398766,
133,phase2,24,pair_025,2.216675,1397.556956,1407.415488,
134,phase2,24,pair_025,2.233304,1397.573583,1407.432117,
135,phase2,24,pair_025,2.250261,1397.590541,1407.449074,
136,phase2,24,pair_025,2.266583,1397.606862,1407.465395,
137,phase2,24,pair_025,2.283307,1397.623586,1407.482119,
138,phase2,24,pair_025,2.299974,1397.640253,1407.498787,
139,phase2,24,pair_025,2.316945,1397.657224,1407.515757,
140,phase2,24,pair_025,2.333267,1397.673547,1407.53208,
141,phase2,24,pair_025,2.350003,1397.690295,1407.548816,
142,phase2,24,pair_025,-1395.34054,1398.207012,9.858273,response
0,phase3,24,pair_025,0.0,1399.440198,1409.298725,stimulus_onset
1,phase3,24,pair_025,0.016846,1399.45704,1409.315571,
2,phase3,24,pair_025,0.033418,1399.473611,1409.332143,
3,phase3,24,pair_025,0.050458,1399.490651,1409.349183,
4,phase3,24,pair_025,0.067068,1399.507261,1409.365793,
5,phase3,24,pair_025,0.083434,1399.523627,1409.382159,
6,phase3,24,pair_025,0.100062,1399.540255,1409.398787,
7,phase3,24,pair_025,0.117062,1399.557256,1409.415787,
8,phase3,24,pair_025,0.133698,1399.573891,1409.432423,
9,phase3,24,pair_025,0.150104,1399.5903,1409.448829,
10,phase3,24,pair_025,0.16677,1399.606966,1409.465495,
11,phase3,24,pair_025,0.183463,1399.623656,1409.482188,
12,phase3,24,pair_025,0.200042,1399.640235,1409.498767,
13,phase3,24,pair_025,0.21673,1399.656923,1409.515455,
14,phase3,24,pair_025,0.233427,1399.67362,1409.532152,
15,phase3,24,pair_025,0.250152,1399.690345,1409.548877,
16,phase3,24,pair_025,0.267075,1399.707268,1409.5658,
17,phase3,24,pair_025,0.283397,1399.72359,1409.582122,
18,phase3,24,pair_025,0.300096,1399.740289,1409.598821,
19,phase3,24,pair_025,0.317038,1399.757231,1409.615763,
20,phase3,24,pair_025,0.333741,1399.773933,1409.632466,
21,phase3,24,pair_025,0.350088,1399.790281,1409.648813,
22,phase3,24,pair_025,0.36673,1399.806923,1409.665455,
23,phase3,24,pair_025,0.383476,1399.823669,1409.682201,
24,phase3,24,pair_025,0.400072,1399.840265,1409.698797,
25,phase3,24,pair_025,0.417047,1399.857239,1409.715772,
26,phase3,24,pair_025,0.433359,1399.873552,1409.732084,
27,phase3,24,pair_025,0.450069,1399.890262,1409.748794,
28,phase3,24,pair_025,0.467034,1399.907226,1409.765758,
29,phase3,24,pair_025,0.483713,1399.923906,1409.782438,
30,phase3,24,pair_025,0.500092,1399.940285,1409.798817,
31,phase3,24,pair_025,0.516708,1399.956901,1409.815433,
32,phase3,24,pair_025,0.533698,1399.973891,1409.832423,
33,phase3,24,pair_025,0.550376,1399.990569,1409.849101,
34,phase3,24,pair_025,0.566717,1400.006914,1409.865442,
35,phase3,24,pair_025,0.58342,1400.023613,1409.882145,
36,phase3,24,pair_025,0.600389,1400.040582,1409.899114,
37,phase3,24,pair_025,0.617054,1400.057247,1409.915779,
38,phase3,24,pair_025,0.633402,1400.073594,1409.932127,
39,phase3,24,pair_025,0.650069,1400.090262,1409.948794,
40,phase3,24,pair_025,0.6668,1400.106993,1409.965525,
41,phase3,24,pair_025,0.683399,1400.123594,1409.982124,
42,phase3,24,pair_025,0.700095,1400.140287,1409.998819,
43,phase3,24,pair_025,0.716733,1400.156925,1410.015458,
44,phase3,24,pair_025,0.733467,1400.17366,1410.032192,
45,phase3,24,pair_025,0.750066,1400.190258,1410.048791,
46,phase3,24,pair_025,0.766755,1400.206948,1410.06548,
47,phase3,24,pair_025,0.783437,1400.22363,1410.082162,
48,phase3,24,pair_025,0.800132,1400.240325,1410.098857,
49,phase3,24,pair_025,0.816752,1400.256945,1410.115477,
50,phase3,24,pair_025,0.833415,1400.273608,1410.13214,
51,phase3,24,pair_025,0.850098,1400.29029,1410.148823,
52,phase3,24,pair_025,0.867135,1400.307328,1410.16586,
53,phase3,24,pair_025,0.88374,1400.323935,1410.182465,
54,phase3,24,pair_025,0.900363,1400.340556,1410.199088,
55,phase3,24,pair_025,0.916747,1400.35694,1410.215471,
56,phase3,24,pair_025,0.933344,1400.373537,1410.232069,
57,phase3,24,pair_025,0.950051,1400.390244,1410.248776,
58,phase3,24,pair_025,0.967052,1400.407245,1410.265777,
59,phase3,24,pair_025,0.983366,1400.423559,1410.282091,
60,phase3,24,pair_025,1.000075,1400.440268,1410.2988,
61,phase3,24,pair_025,1.016605,1400.456797,1410.31533,
62,phase3,24,pair_025,1.033674,1400.473867,1410.332399,
63,phase3,24,pair_025,1.050055,1400.490248,1410.34878,
64,phase3,24,pair_025,1.066726,1400.506919,1410.365451,
65,phase3,24,pair_025,1.083395,1400.523587,1410.38212,
66,phase3,24,pair_025,1.100361,1400.540553,1410.399086,
67,phase3,24,pair_025,1.116724,1400.556916,1410.415449,
68,phase3,24,pair_025,1.133418,1400.573613,1410.432143,
69,phase3,24,pair_025,1.150354,1400.590546,1410.449079,
70,phase3,24,pair_025,1.166747,1400.606942,1410.465472,
71,phase3,24,pair_025,1.183389,1400.623583,1410.482114,
72,phase3,24,pair_025,1.200036,1400.640228,1410.498761,
73,phase3,24,pair_025,1.216742,1400.656936,1410.515467,
74,phase3,24,pair_025,1.23339,1400.673582,1410.532115,
75,phase3,24,pair_025,1.25005,1400.690244,1410.548775,
76,phase3,24,pair_025,1.266726,1400.706919,1410.565451,
77,phase3,24,pair_025,1.283423,1400.723616,1410.582148,
78,phase3,24,pair_025,1.300381,1400.740573,1410.599106,
79,phase3,24,pair_025,1.316717,1400.75691,1410.615442,
80,phase3,24,pair_025,1.333411,1400.773603,1410.632136,
81,phase3,24,pair_025,1.350077,1400.79027,1410.648802,
82,phase3,24,pair_025,1.367011,1400.807204,1410.665736,
83,phase3,24,pair_025,1.383392,1400.823585,1410.682117,
84,phase3,24,pair_025,1.400042,1400.84026,1410.698767,
85,phase3,24,pair_025,1.4167,1400.856893,1410.715425,
86,phase3,24,pair_025,1.433674,1400.873867,1410.732399,
87,phase3,24,pair_025,1.45004,1400.890232,1410.748764,
88,phase3,24,pair_025,1.4667,1400.906893,1410.765425,
89,phase3,24,pair_025,1.483403,1400.923596,1410.782128,
90,phase3,24,pair_025,1.500336,1400.940529,1410.799061,
91,phase3,24,pair_025,1.517028,1400.957221,1410.815753,
92,phase3,24,pair_025,1.533659,1400.973851,1410.832384,
93,phase3,24,pair_025,1.550047,1400.990239,1410.848772,
94,phase3,24,pair_025,1.566651,1401.006843,1410.865375,
95,phase3,24,pair_025,1.583375,1401.02357,1410.8821,
96,phase3,24,pair_025,1.600048,1401.040243,1410.898773,
97,phase3,24,pair_025,1.616698,1401.056891,1410.915423,
98,phase3,24,pair_025,1.633377,1401.07357,1410.932102,
99,phase3,24,pair_025,1.650357,1401.09074,1410.949082,
100,phase3,24,pair_025,1.667006,1401.107197,1410.965731,
101,phase3,24,pair_025,1.68338,1401.123572,1410.982105,
102,phase3,24,pair_025,1.700047,1401.14024,1410.998771,
103,phase3,24,pair_025,1.717004,1401.157197,1411.015729,
104,phase3,24,pair_025,1.733672,1401.173864,1411.032396,
105,phase3,24,pair_025,1.75004,1401.190232,1411.048765,
106,phase3,24,pair_025,1.766698,1401.206891,1411.065423,
107,phase3,24,pair_025,1.783621,1401.223816,1411.082346,
108,phase3,24,pair_025,1.800349,1401.240549,1411.099074,
109,phase3,24,pair_025,1.816711,1401.256907,1411.115436,
110,phase3,24,pair_025,1.833361,1401.273554,1411.132086,
111,phase3,24,pair_025,1.850014,1401.290207,1411.148739,
112,phase3,24,pair_025,1.867018,1401.307211,1411.165743,
113,phase3,24,pair_025,1.883641,1401.323834,1411.182366,
114,phase3,24,pair_025,1.900069,1401.340264,1411.198794,
115,phase3,24,pair_025,1.916757,1401.35695,1411.215482,
116,phase3,24,pair_025,1.933332,1401.373524,1411.232057,
117,phase3,24,pair_025,1.950322,1401.390514,1411.249047,
118,phase3,24,pair_025,1.966682,1401.406875,1411.265407,
119,phase3,24,pair_025,1.983358,1401.423551,1411.282083,
120,phase3,24,pair_025,2.00001,1401.440203,1411.298735,
121,phase3,24,pair_025,2.016996,1401.457188,1411.315721,
122,phase3,24,pair_025,2.033278,1401.47347,1411.332003,
123,phase3,24,pair_025,2.050054,1401.490247,1411.348779,
124,phase3,24,pair_025,2.066702,1401.506895,1411.365427,
125,phase3,24,pair_025,2.083673,1401.523867,1411.382398,
126,phase3,24,pair_025,2.10003,1401.540223,1411.398755,
127,phase3,24,pair_025,2.116678,1401.556871,1411.415403,
128,phase3,24,pair_025,2.133353,1401.573547,1411.432078,
129,phase3,24,pair_025,2.150338,1401.590531,1411.449063,
130,phase3,24,pair_025,2.166693,1401.606885,1411.465417,
131,phase3,24,pair_025,2.183368,1401.623562,1411.482093,
132,phase3,24,pair_025,2.199974,1401.640166,1411.498699,
133,phase3,24,pair_025,2.217006,1401.657199,1411.515731,
134,phase3,24,pair_025,2.233326,1401.673519,1411.532051,
135,phase3,24,pair_025,2.250063,1401.690256,1411.548788,
136,phase3,24,pair_025,2.266659,1401.706852,1411.565384,
137,phase3,24,pair_025,2.283639,1401.723832,1411.582364,
138,phase3,24,pair_025,2.299972,1401.740165,1411.598697,
139,phase3,24,pair_025,2.316683,1401.756876,1411.615408,
140,phase3,24,pair_025,2.333325,1401.773518,1411.63205,
141,phase3,24,pair_025,2.350019,1401.790213,1411.648744,
142,phase3,24,pair_025,2.366977,1401.807169,1411.665701,
143,phase3,24,pair_025,2.383396,1401.823589,1411.682121,
144,phase3,24,pair_025,2.400016,1401.840209,1411.698741,
145,phase3,24,pair_025,2.416975,1401.857168,1411.7157,
146,phase3,24,pair_025,2.433343,1401.873536,1411.732068,
147,phase3,24,pair_025,2.44999,1401.890183,1411.748715,
148,phase3,24,pair_025,2.600264,1402.040456,1411.898989,
149,phase3,24,pair_025,2.616674,1402.056867,1411.915399,
150,phase3,24,pair_025,2.633645,1402.073838,1411.93237,
151,phase3,24,pair_025,2.650015,1402.090208,1411.94874,
152,phase3,24,pair_025,2.666687,1402.10688,1411.965412,
153,phase3,24,pair_025,2.683592,1402.123785,1411.982317,
154,phase3,24,pair_025,2.700313,1402.140505,1411.999038,
155,phase3,24,pair_025,2.716663,1402.156855,1412.015388,
156,phase3,24,pair_025,2.733324,1402.173516,1412.032049,
157,phase3,24,pair_025,2.749987,1402.190179,1412.048712,
158,phase3,24,pair_025,2.766951,1402.207144,1412.065676,
159,phase3,24,pair_025,2.783644,1402.223837,1412.082369,
160,phase3,24,pair_025,2.800004,1402.240196,1412.098729,
161,phase3,24,pair_025,2.816594,1402.256787,1412.115319,
162,phase3,24,pair_025,2.833336,1402.273529,1412.132061,
163,phase3,24,pair_025,2.850313,1402.290506,1412.149038,
164,phase3,24,pair_025,2.866728,1402.306921,1412.165453,
165,phase3,24,pair_025,2.88332,1402.323512,1412.182045,
166,phase3,24,pair_025,2.90032,1402.340513,1412.199045,
167,phase3,24,pair_025,2.916951,1402.357143,1412.215676,
168,phase3,24,pair_025,2.933373,1402.373566,1412.232098,
169,phase3,24,pair_025,2.949998,1402.390191,1412.248723,
170,phase3,24,pair_025,2.966607,1402.4068,1412.265332,
171,phase3,24,pair_025,2.983644,1402.423837,1412.282369,
172,phase3,24,pair_025,3.000021,1402.440214,1412.298746,
173,phase3,24,pair_025,3.016675,1402.456868,1412.3154,
174,phase3,24,pair_025,3.033293,1402.473486,1412.332018,
175,phase3,24,pair_025,3.049937,1402.49013,1412.348662,
176,phase3,24,pair_025,3.066736,1402.506928,1412.36546,
177,phase3,24,pair_025,3.083334,1402.523527,1412.382059,
178,phase3,24,pair_025,3.100036,1402.540228,1412.398761,
179,phase3,24,pair_025,3.116623,1402.556816,1412.415348,
180,phase3,24,pair_025,3.133614,1402.573807,1412.432339,
181,phase3,24,pair_025,3.149973,1402.590165,1412.448698,
182,phase3,24,pair_025,3.166933,1402.607126,1412.465658,
183,phase3,24,pair_025,3.183306,1402.623499,1412.482031,
184,phase3,24,pair_025,3.199952,1402.640144,1412.498677,
185,phase3,24,pair_025,3.216643,1402.656836,1412.515368,
186,phase3,24,pair_025,3.233319,1402.673512,1412.532044,
187,phase3,24,pair_025,3.250276,1402.690469,1412.549001,
188,phase3,24,pair_025,3.266961,1402.707153,1412.565686,
189,phase3,24,pair_025,3.283311,1402.723503,1412.582036,
190,phase3,24,pair_025,3.300025,1402.740218,1412.59875,
191,phase3,24,pair_025,3.316641,1402.756834,1412.615366,
192,phase3,24,pair_025,3.333611,1402.773803,1412.632335,
193,phase3,24,pair_025,3.349998,1402.79019,1412.648723,
194,phase3,24,pair_025,3.366646,1402.806838,1412.665371,
195,phase3,24,pair_025,3.383573,1402.823766,1412.682298,
196,phase3,24,pair_025,3.400287,1402.840479,1412.699012,
197,phase3,24,pair_025,3.416713,1402.856906,1412.715438,
198,phase3,24,pair_025,3.433578,1402.873771,1412.732303,
199,phase3,24,pair_025,3.449951,1402.890143,1412.748676,
200,phase3,24,pair_025,3.46697,1402.907163,1412.765695,
201,phase3,24,pair_025,3.48335,1402.923543,1412.782075,
202,phase3,24,pair_025,3.500066,1402.940259,1412.798791,
203,phase3,24,pair_025,3.51671,1402.956903,1412.815435,
204,phase3,24,pair_025,3.533645,1402.973838,1412.83237,
205,phase3,24,pair_025,3.550014,1402.990206,1412.848739,
206,phase3,24,pair_025,3.566604,1403.006797,1412.865329,
207,phase3,24,pair_025,3.58324,1403.023432,1412.881965,
208,phase3,24,pair_025,3.600277,1403.040469,1412.899001,
209,phase3,24,pair_025,3.616917,1403.05711,1412.915642,
210,phase3,24,pair_025,3.633327,1403.07352,1412.932052,
211,phase3,24,pair_025,3.65024,1403.090432,1412.948965,
212,phase3,24,pair_025,3.666661,1403.106854,1412.965386,
213,phase3,24,pair_025,3.683603,1403.123795,1412.982328,
214,phase3,24,pair_025,3.699965,1403.140158,1412.99869,
215,phase3,24,pair_025,3.71671,1403.156902,1413.015434,
216,phase3,24,pair_025,3.733291,1403.173484,1413.032016,
217,phase3,24,pair_025,3.749977,1403.19017,1413.048702,
218,phase3,24,pair_025,3.766656,1403.206849,1413.065381,
219,phase3,24,pair_025,3.883617,1403.323809,1413.182342,
220,phase3,24,pair_025,3.899994,1403.340187,1413.198719,
221,phase3,24,pair_025,3.916625,1403.356819,1413.21535,
222,phase3,24,pair_025,3.933393,1403.373586,1413.232117,
223,phase3,24,pair_025,3.950074,1403.390267,1413.248799,
224,phase3,24,pair_025,3.966727,1403.40692,1413.265452,
225,phase3,24,pair_025,3.983743,1403.423936,1413.282468,
226,phase3,24,pair_025,4.000383,1403.440579,1413.299108,
227,phase3,24,pair_025,4.016784,1403.457004,1413.315509,
228,phase3,24,pair_025,4.033699,1403.473892,1413.332424,
229,phase3,24,pair_025,4.050401,1403.490594,1413.349126,
230,phase3,24,pair_025,4.066623,1403.506819,1413.365348,
231,phase3,24,pair_025,4.083408,1403.523601,1413.382133,
232,phase3,24,pair_025,4.100066,1403.540258,1413.39879,
233,phase3,24,pair_025,4.116743,1403.556936,1413.415468,
234,phase3,24,pair_025,4.133744,1403.573937,1413.432468,
235,phase3,24,pair_025,4.150077,1403.590272,1413.448801,
236,phase3,24,pair_025,4.166724,1403.606917,1413.465449,
237,phase3,24,pair_025,4.183396,1403.623589,1413.482121,
238,phase3,24,pair_025,4.200357,1403.64055,1413.499082,
239,phase3,24,pair_025,4.216749,1403.656942,1413.515474,
240,phase3,24,pair_025,4.233383,1403.673576,1413.532108,
241,phase3,24,pair_025,4.250116,1403.690309,1413.54884,
242,phase3,24,pair_025,4.267047,1403.70724,1413.565772,
243,phase3,24,pair_025,4.283377,1403.72357,1413.582102,
244,phase3,24,pair_025,4.300061,1403.740255,1413.598786,
245,phase3,24,pair_025,4.316716,1403.756909,1413.615441,
246,phase3,24,pair_025,4.333766,1403.773959,1413.632491,
247,phase3,24,pair_025,4.350346,1403.790541,1413.649071,
248,phase3,24,pair_025,4.366712,1403.806907,1413.665437,
249,phase3,24,pair_025,4.383451,1403.823644,1413.682176,
250,phase3,24,pair_025,4.400064,1403.840257,1413.698789,
251,phase3,24,pair_025,4.416731,1403.856924,1413.715456,
252,phase3,24,pair_025,4.433388,1403.87358,1413.732112,
253,phase3,24,pair_025,4.450022,1403.890215,1413.748747,
254,phase3,24,pair_025,4.466664,1403.906857,1413.765389,
255,phase3,24,pair_025,4.4837,1403.923893,1413.782425,
256,phase3,24,pair_025,4.500068,1403.940261,1413.798793,
257,phase3,24,pair_025,4.51678,1403.956975,1413.815505,
258,phase3,24,pair_025,4.533387,1403.973579,1413.832111,
259,phase3,24,pair_025,4.55037,1403.990563,1413.849094,
260,phase3,24,pair_025,4.566713,1404.006906,1413.865438,
261,phase3,24,pair_025,4.583666,1404.023859,1413.882391,
262,phase3,24,pair_025,4.600054,1404.040247,1413.898779,
263,phase3,24,pair_025,4.616703,1404.056897,1413.915428,
264,phase3,24,pair_025,4.63335,1404.073544,1413.932075,
265,phase3,24,pair_025,4.650073,1404.090266,1413.948798,
266,phase3,24,pair_025,4.666726,1404.10692,1413.96545,
267,phase3,24,pair_025,4.683729,1404.123923,1413.982454,
268,phase3,24,pair_025,4.699984,1404.140177,1413.998709,
269,phase3,24,pair_025,4.716717,1404.15691,1414.015442,
270,phase3,24,pair_025,4.73361,1404.173802,1414.032334,
271,phase3,24,pair_025,4.750337,1404.19053,1414.049062,
272,phase3,24,pair_025,4.766661,1404.206854,1414.065386,
273,phase3,24,pair_025,4.783399,1404.223592,1414.082124,
274,phase3,24,pair_025,4.800028,1404.240222,1414.098753,
275,phase3,24,pair_025,4.816666,1404.256859,1414.115391,
276,phase3,24,pair_025,4.83369,1404.273883,1414.132415,
277,phase3,24,pair_025,4.850044,1404.290237,1414.148768,
278,phase3,24,pair_025,4.866724,1404.306918,1414.165449,
279,phase3,24,pair_025,4.883729,1404.323922,1414.182453,
280,phase3,24,pair_025,4.983695,1404.423888,1414.28242,
281,phase3,24,pair_025,4.999981,1404.440174,1414.298706,
282,phase3,24,pair_025,5.016707,1404.4569,1414.315432,
283,phase3,24,pair_025,5.033709,1404.473902,1414.332433,
284,phase3,24,pair_025,5.050019,1404.490212,1414.348744,
285,phase3,24,pair_025,5.066651,1404.506844,1414.365376,
286,phase3,24,pair_025,5.08329,1404.523486,1414.382015,
287,phase3,24,pair_025,5.100043,1404.540238,1414.398768,
288,phase3,24,pair_025,5.11672,1404.556914,1414.415445,
289,phase3,24,pair_025,5.133363,1404.573556,1414.432088,
290,phase3,24,pair_025,5.150309,1404.590503,1414.449034,
291,phase3,24,pair_025,5.166701,1404.606894,1414.465426,
292,phase3,24,pair_025,5.183647,1404.62384,1414.482372,
293,phase3,24,pair_025,5.20001,1404.640203,1414.498735,
294,phase3,24,pair_025,5.216702,1404.656895,1414.515427,
295,phase3,24,pair_025,5.233643,1404.673836,1414.532368,
296,phase3,24,pair_025,5.250332,1404.690525,1414.549057,
297,phase3,24,pair_025,5.266695,1404.706889,1414.56542,
298,phase3,24,pair_025,5.283298,1404.723491,1414.582023,
299,phase3,24,pair_025,5.300015,1404.740208,1414.59874,
300,phase3,24,pair_025,5.316996,1404.757189,1414.615721,
301,phase3,24,pair_025,5.33336,1404.773552,1414.632084,
302,phase3,24,pair_025,5.350083,1404.790277,1414.648808,
303,phase3,24,pair_025,5.366634,1404.806827,1414.665359,
304,phase3,24,pair_025,5.383659,1404.823852,1414.682384,
305,phase3,24,pair_025,5.40004,1404.840234,1414.698765,
306,phase3,24,pair_025,5.416724,1404.85692,1414.715449,
307,phase3,24,pair_025,5.433371,1404.873564,1414.732096,
308,phase3,24,pair_025,5.449961,1404.890154,1414.748686,
309,phase3,24,pair_025,5.466648,1404.906841,1414.765373,
310,phase3,24,pair_025,5.483429,1404.923622,1414.782154,
311,phase3,24,pair_025,5.500039,1404.940232,1414.798764,
312,phase3,24,pair_025,5.516697,1404.956892,1414.815421,
313,phase3,24,pair_025,5.53362,1404.973813,1414.832345,
314,phase3,24,pair_025,5.550027,1404.99022,1414.848752,
315,phase3,24,pair_025,5.566661,1405.006854,1414.865386,
316,phase3,24,pair_025,5.583331,1405.023524,1414.882056,
317,phase3,24,pair_025,5.667186,1405.107379,1414.965911,
318,phase3,24,pair_025,5.683365,1405.123558,1414.98209,
319,phase3,24,pair_025,5.700011,1405.140204,1414.998736,
320,phase3,24,pair_025,5.716935,1405.15713,1415.01566,
321,phase3,24,pair_025,5.733651,1405.173844,1415.032375,
322,phase3,24,pair_025,5.750014,1405.19021,1415.048739,
323,phase3,24,pair_025,5.766753,1405.206948,1415.065478,
324,phase3,24,pair_025,5.783352,1405.223546,1415.082077,
325,phase3,24,pair_025,5.800325,1405.240519,1415.09905,
326,phase3,24,pair_025,5.816666,1405.25686,1415.115391,
327,phase3,24,pair_025,5.833327,1405.27352,1415.132052,
328,phase3,24,pair_025,5.850087,1405.290281,1415.148812,
329,phase3,24,pair_025,5.866997,1405.307191,1415.165722,
330,phase3,24,pair_025,5.883346,1405.32354,1415.182071,
331,phase3,24,pair_025,5.899935,1405.340128,1415.19866,
332,phase3,24,pair_025,5.91668,1405.356874,1415.215405,
333,phase3,24,pair_025,5.93332,1405.373516,1415.232045,
334,phase3,24,pair_025,5.950015,1405.39021,1415.24874,
335,phase3,24,pair_025,5.966657,1405.406851,1415.265382,
336,phase3,24,pair_025,5.983425,1405.42362,1415.28215,
337,phase3,24,pair_025,5.999974,1405.440167,1415.298699,
338,phase3,24,pair_025,6.01697,1405.457163,1415.315695,
339,phase3,24,pair_025,6.033314,1405.473507,1415.332039,
340,phase3,24,pair_025,6.049978,1405.490171,1415.348703,
341,phase3,24,pair_025,6.06668,1405.506874,1415.365405,
342,phase3,24,pair_025,6.083619,1405.523812,1415.382344,
343,phase3,24,pair_025,6.099949,1405.540143,1415.398674,
344,phase3,24,pair_025,6.116665,1405.556858,1415.41539,
345,phase3,24,pair_025,6.133335,1405.573528,1415.432059,
346,phase3,24,pair_025,6.1503,1405.590493,1415.449025,
347,phase3,24,pair_025,6.166698,1405.606891,1415.465423,
348,phase3,24,pair_025,-1399.440452,1405.606953,9.858273,response
