stim_pair_id,char1,char2,char1_id,char2_id,canonical_pair,meaning,meaning_opt1,meaning_opt2,meaning_opt3,meaning_opt4
pair_001,月,月,1,1,月月,,,,,
pair_002,月,日,1,2,月日,,,,,
pair_003,月,人,1,3,月人,,,,,
pair_004,月,木,1,4,月木,,,,,
pair_005,月,土,1,5,月土,,,,,
pair_006,月,又,1,6,月又,,,,,
pair_007,月,心,1,7,月心,,,,,
pair_008,月,王,1,8,月王,,,,,
pair_009,月,中,1,9,月中,,,,,
pair_010,月,子,1,10,月子,,,,,
pair_011,月,大,1,11,月大,,,,,
pair_012,月,女,1,12,月女,,,,,
pair_013,月,不,1,13,月不,,,,,
pair_014,日,月,2,1,日月,,,,,
pair_015,日,日,2,2,日日,,,,,
pair_016,日,人,2,3,日人,,,,,
pair_017,日,木,2,4,日木,,,,,
pair_018,日,土,2,5,日土,,,,,
pair_019,日,又,2,6,日又,,,,,
pair_020,日,心,2,7,日心,,,,,
pair_021,日,王,2,8,日王,,,,,
pair_022,日,中,2,9,日中,,,,,
pair_023,日,子,2,10,日子,,,,,
pair_024,日,大,2,11,日大,,,,,
pair_025,日,女,2,12,日女,,,,,
pair_026,日,不,2,13,日不,,,,,
pair_027,人,月,3,1,人月,,,,,
pair_028,人,日,3,2,人日,,,,,
pair_029,人,人,3,3,人人,,,,,
pair_030,人,木,3,4,人木,,,,,
pair_031,人,土,3,5,人土,,,,,
pair_032,人,又,3,6,人又,,,,,
pair_033,人,心,3,7,人心,,,,,
pair_034,人,王,3,8,人王,,,,,
pair_035,人,中,3,9,人中,,,,,
pair_036,人,子,3,10,人子,,,,,
pair_037,人,大,3,11,人大,,,,,
pair_038,人,女,3,12,人女,,,,,
pair_039,人,不,3,13,人不,,,,,
pair_040,木,月,4,1,木月,,,,,
pair_041,木,日,4,2,木日,,,,,
pair_042,木,人,4,3,木人,,,,,
pair_043,木,木,4,4,木木,,,,,
pair_044,木,土,4,5,木土,,,,,
pair_045,木,又,4,6,木又,,,,,
pair_046,木,心,4,7,木心,,,,,
pair_047,木,王,4,8,木王,,,,,
pair_048,木,中,4,9,木中,,,,,
pair_049,木,子,4,10,木子,,,,,
pair_050,木,大,4,11,木大,,,,,
pair_051,木,女,4,12,木女,,,,,
pair_052,木,不,4,13,木不,,,,,
pair_053,土,月,5,1,土月,,,,,
pair_054,土,日,5,2,土日,,,,,
pair_055,土,人,5,3,土人,,,,,
pair_056,土,木,5,4,土木,,,,,
pair_057,土,土,5,5,土土,,,,,
pair_058,土,又,5,6,土又,,,,,
pair_059,土,心,5,7,土心,,,,,
pair_060,土,王,5,8,土王,,,,,
pair_061,土,中,5,9,土中,,,,,
pair_062,土,子,5,10,土子,,,,,
pair_063,土,大,5,11,土大,,,,,
pair_064,土,女,5,12,土女,,,,,
pair_065,土,不,5,13,土不,,,,,
pair_066,又,月,6,1,又月,,,,,
pair_067,又,日,6,2,又日,,,,,
pair_068,又,人,6,3,又人,,,,,
pair_069,又,木,6,4,又木,,,,,
pair_070,又,土,6,5,又土,,,,,
pair_071,又,又,6,6,又又,,,,,
pair_072,又,心,6,7,又心,,,,,
pair_073,又,王,6,8,又王,,,,,
pair_074,又,中,6,9,又中,,,,,
pair_075,又,子,6,10,又子,,,,,
pair_076,又,大,6,11,又大,,,,,
pair_077,又,女,6,12,又女,,,,,
pair_078,又,不,6,13,又不,,,,,
pair_079,心,月,7,1,心月,,,,,
pair_080,心,日,7,2,心日,,,,,
pair_081,心,人,7,3,心人,,,,,
pair_082,心,木,7,4,心木,,,,,
pair_083,心,土,7,5,心土,,,,,
pair_084,心,又,7,6,心又,,,,,
pair_085,心,心,7,7,心心,,,,,
pair_086,心,王,7,8,心王,,,,,
pair_087,心,中,7,9,心中,,,,,
pair_088,心,子,7,10,心子,,,,,
pair_089,心,大,7,11,心大,,,,,
pair_090,心,女,7,12,心女,,,,,
pair_091,心,不,7,13,心不,,,,,
pair_092,王,月,8,1,王月,,,,,
pair_093,王,日,8,2,王日,,,,,
pair_094,王,人,8,3,王人,,,,,
pair_095,王,木,8,4,王木,,,,,
pair_096,王,土,8,5,王土,,,,,
pair_097,王,又,8,6,王又,,,,,
pair_098,王,心,8,7,王心,,,,,
pair_099,王,王,8,8,王王,,,,,
pair_100,王,中,8,9,王中,,,,,
pair_101,王,子,8,10,王子,,,,,
pair_102,王,大,8,11,王大,,,,,
pair_103,王,女,8,12,王女,,,,,
pair_104,王,不,8,13,王不,,,,,
pair_105,中,月,9,1,中月,,,,,
pair_106,中,日,9,2,中日,,,,,
pair_107,中,人,9,3,中人,,,,,
pair_108,中,木,9,4,中木,,,,,
pair_109,中,土,9,5,中土,,,,,
pair_110,中,又,9,6,中又,,,,,
pair_111,中,心,9,7,中心,,,,,
pair_112,中,王,9,8,中王,,,,,
pair_113,中,中,9,9,中中,,,,,
pair_114,中,子,9,10,中子,,,,,
pair_115,中,大,9,11,中大,,,,,
pair_116,中,女,9,12,中女,,,,,
pair_117,中,不,9,13,中不,,,,,
pair_118,子,月,10,1,子月,,,,,
pair_119,子,日,10,2,子日,,,,,
pair_120,子,人,10,3,子人,,,,,
pair_121,子,木,10,4,子木,,,,,
pair_122,子,土,10,5,子土,,,,,
pair_123,子,又,10,6,子又,,,,,
pair_124,子,心,10,7,子心,,,,,
pair_125,子,王,10,8,子王,,,,,
pair_126,子,中,10,9,子中,,,,,
pair_127,子,子,10,10,子子,,,,,
pair_128,子,大,10,11,子大,,,,,
pair_129,子,女,10,12,子女,,,,,
pair_130,子,不,10,13,子不,,,,,
pair_131,大,月,11,1,大月,,,,,
pair_132,大,日,11,2,大日,,,,,
pair_133,大,人,11,3,大人,,,,,
pair_134,大,木,11,4,大木,,,,,
pair_135,大,土,11,5,大土,,,,,
pair_136,大,又,11,6,大又,,,,,
pair_137,大,心,11,7,大心,,,,,
pair_138,大,王,11,8,大王,,,,,
pair_139,大,中,11,9,大中,,,,,
pair_140,大,子,11,10,大子,,,,,
pair_141,大,大,11,11,大大,,,,,
pair_142,大,女,11,12,大女,,,,,
pair_143,大,不,11,13,大不,,,,,
pair_144,女,月,12,1,女月,,,,,
pair_145,女,日,12,2,女日,,,,,
pair_146,女,人,12,3,女人,,,,,
pair_147,女,木,12,4,女木,,,,,
pair_148,女,土,12,5,女土,,,,,
pair_149,女,又,12,6,女又,,,,,
pair_150,女,心,12,7,女心,,,,,
pair_151,女,王,12,8,女王,,,,,
pair_152,女,中,12,9,女中,,,,,
pair_153,女,子,12,10,女子,,,,,
pair_154,女,大,12,11,女大,,,,,
pair_155,女,女,12,12,女女,,,,,
pair_156,女,不,12,13,女不,,,,,
pair_157,不,月,13,1,不月,,,,,
pair_158,不,日,13,2,不日,,,,,
pair_159,不,人,13,3,不人,,,,,
pair_160,不,木,13,4,不木,,,,,
pair_161,不,土,13,5,不土,,,,,
pair_162,不,又,13,6,不又,,,,,
pair_163,不,心,13,7,不心,,,,,
pair_164,不,王,13,8,不王,,,,,
pair_165,不,中,13,9,不中,,,,,
pair_166,不,子,13,10,不子,,,,,
pair_167,不,大,13,11,不大,,,,,
pair_168,不,女,13,12,不女,,,,,
pair_169,不,不,13,13,不不,,,,,
