source,frame_idx,flip_time,ifi,event_marker
sub-002\phase_0\子\frame_log.csv,18,42.324796,0.0334140000000005,
sub-002\trial_summary\pair_001\frame_log.csv,132,1610.114307,0.100257000000056,
sub-002\trial_summary\pair_001\frame_log.csv,173,1610.847789,0.06671599999981481,
sub-002\trial_summary\pair_001\frame_log.csv,209,1611.514084,0.08337399999982154,
sub-002\trial_summary\pair_001\frame_log.csv,236,1612.014125,0.06674199999997654,
sub-002\trial_summary\pair_002\frame_log.csv,80,994.673322,0.05383099999994556,
sub-002\trial_summary\pair_002\frame_log.csv,81,994.704271,0.030948999999964144,
sub-002\trial_summary\pair_002\frame_log.csv,83,994.762822,0.04252500000006876,
sub-002\trial_summary\pair_002\frame_log.csv,77,1041.38821,0.036845999999968626,
sub-002\trial_summary\pair_002\frame_log.csv,79,1041.448029,0.04336599999987811,
sub-002\trial_summary\pair_002\frame_log.csv,82,1041.584455,0.09985800000004019,
sub-002\trial_summary\pair_002\frame_log.csv,121,1042.317869,0.09966800000006515,
sub-002\trial_summary\pair_002\frame_log.csv,165,1043.134565,0.09999900000002526,
sub-002\trial_summary\pair_002\frame_log.csv,204,1043.834662,0.06671299999993607,
sub-002\trial_summary\pair_004\frame_log.csv,71,1898.362182,0.11672300000009272,
sub-002\trial_summary\pair_004\frame_log.csv,105,1899.012798,0.10036799999988943,
sub-002\trial_summary\pair_004\frame_log.csv,149,1899.812349,0.0836340000000746,
sub-002\trial_summary\pair_004\frame_log.csv,188,1900.512626,0.06695199999990109,
sub-002\trial_summary\pair_007\frame_log.csv,92,1679.830586,0.11701399999992645,
sub-002\trial_summary\pair_007\frame_log.csv,137,1680.630111,0.0665520000000015,
sub-002\trial_summary\pair_007\frame_log.csv,180,1681.430299,0.10001900000020214,
sub-002\trial_summary\pair_007\frame_log.csv,224,1682.263622,0.11664399999995112,
sub-002\trial_summary\pair_008\frame_log.csv,331,860.08624,0.15029099999992468,
sub-002\trial_summary\pair_008\frame_log.csv,366,860.752527,0.09969699999999193,
sub-002\trial_summary\pair_008\frame_log.csv,415,861.652514,0.10006199999997989,
sub-002\trial_summary\pair_008\frame_log.csv,448,862.285836,0.09970699999996668,
sub-002\trial_summary\pair_009\frame_log.csv,246,356.839739,0.766824999999983,
sub-002\trial_summary\pair_009\frame_log.csv,309,357.972614,0.10004000000003543,
sub-002\trial_summary\pair_009\frame_log.csv,374,359.173024,0.13339000000001988,
sub-002\trial_summary\pair_009\frame_log.csv,465,360.789252,0.11663299999997889,
sub-002\trial_summary\pair_010\frame_log.csv,60,2269.576233,0.08325299999978597,
sub-002\trial_summary\pair_010\frame_log.csv,104,2270.39287,0.10004400000025271,
sub-002\trial_summary\pair_010\frame_log.csv,156,2271.32616,0.08335699999997814,
sub-002\trial_summary\pair_010\frame_log.csv,196,2272.059877,0.08371900000020105,
sub-002\trial_summary\pair_011\frame_log.csv,67,1381.348944,0.09968900000012582,
sub-002\trial_summary\pair_011\frame_log.csv,120,1382.332653,0.11697899999990113,
sub-002\trial_summary\pair_011\frame_log.csv,167,1383.215536,0.11635899999987487,
sub-002\trial_summary\pair_011\frame_log.csv,200,1383.832261,0.08333100000004379,
sub-002\trial_summary\pair_012\frame_log.csv,127,793.503116,0.5167470000000094,
sub-002\trial_summary\pair_012\frame_log.csv,164,794.219737,0.11675800000000436,
sub-002\trial_summary\pair_012\frame_log.csv,216,795.169905,0.10000300000001516,
sub-002\trial_summary\pair_012\frame_log.csv,255,795.903066,0.1000779999999395,
sub-002\trial_summary\pair_013\frame_log.csv,150,321.807067,2.2674630000000207,
sub-002\trial_summary\pair_013\frame_log.csv,280,324.073193,0.1169620000000009,
sub-002\trial_summary\pair_013\frame_log.csv,336,325.156276,0.166766999999993,
sub-002\trial_summary\pair_013\frame_log.csv,395,326.206195,0.08334600000000592,
sub-002\trial_summary\pair_014\frame_log.csv,36,1245.383245,0.11665599999992082,
sub-002\trial_summary\pair_014\frame_log.csv,69,1266.616436,0.15002099999992424,
sub-002\trial_summary\pair_014\frame_log.csv,160,1268.249816,0.13337400000000343,
sub-002\trial_summary\pair_014\frame_log.csv,202,1269.049805,0.1166880000000674,
sub-002\trial_summary\pair_014\frame_log.csv,231,1269.616432,0.09969100000012077,
sub-002\trial_summary\pair_015\frame_log.csv,140,1353.082495,0.10001099999999497,
sub-002\trial_summary\pair_015\frame_log.csv,178,1353.766034,0.06694500000003245,
sub-002\trial_summary\pair_015\frame_log.csv,250,1355.049186,0.09965499999998428,
sub-002\trial_summary\pair_015\frame_log.csv,283,1355.665822,0.08336399999984678,
sub-002\trial_summary\pair_016\frame_log.csv,88,1520.031315,0.149895000000015,
sub-002\trial_summary\pair_016\frame_log.csv,220,1522.314693,0.1000410000001466,
sub-002\trial_summary\pair_016\frame_log.csv,264,1523.13134,0.0997269999998025,
sub-002\trial_summary\pair_016\frame_log.csv,303,1523.881403,0.11679100000014841,
sub-002\trial_summary\pair_019\frame_log.csv,161,1645.763744,0.11665500000003703,
sub-002\trial_summary\pair_019\frame_log.csv,425,1650.263843,0.11640299999999115,
sub-002\trial_summary\pair_019\frame_log.csv,578,1652.930686,0.1336229999999432,
sub-002\trial_summary\pair_020\frame_log.csv,50,1711.247076,0.10041100000012193,
sub-002\trial_summary\pair_020\frame_log.csv,85,1711.880302,0.06672099999991588,
sub-002\trial_summary\pair_020\frame_log.csv,127,1712.64667,0.08334400000012465,
sub-002\trial_summary\pair_020\frame_log.csv,162,1713.263719,0.0503160000000662,
sub-002\trial_summary\pair_021\frame_log.csv,103,2471.841348,0.11655299999983981,
sub-002\trial_summary\pair_021\frame_log.csv,183,2473.308375,0.1503139999999803,
sub-002\trial_summary\pair_021\frame_log.csv,284,2475.10839,0.13361600000007456,
sub-002\trial_summary\pair_021\frame_log.csv,377,2476.758379,0.11694799999986571,
sub-002\trial_summary\pair_022\frame_log.csv,74,116.343408,0.0522539999999907,
sub-002\trial_summary\pair_022\frame_log.csv,75,116.369045,0.02563700000000324,
sub-002\trial_summary\pair_022\frame_log.csv,76,116.416659,0.047613999999995826,
sub-002\trial_summary\pair_022\frame_log.csv,93,129.325097,1.1008820000000128,
sub-002\trial_summary\pair_022\frame_log.csv,104,129.607463,0.11668099999999981,
sub-002\trial_summary\pair_022\frame_log.csv,174,131.024667,0.2671499999999867,
sub-002\trial_summary\pair_022\frame_log.csv,179,131.241223,0.1503280000000018,
sub-002\trial_summary\pair_022\frame_log.csv,237,133.024403,0.8336610000000064,
sub-002\trial_summary\pair_022\frame_log.csv,252,133.391102,0.1335719999999867,
sub-002\trial_summary\pair_024\frame_log.csv,49,2444.274947,0.09992800000009083,
sub-002\trial_summary\pair_024\frame_log.csv,86,2444.958247,0.08335699999997814,
sub-002\trial_summary\pair_024\frame_log.csv,126,2445.708224,0.09996300000011615,
sub-002\trial_summary\pair_024\frame_log.csv,153,2446.241612,0.09970899999962057,
sub-002\trial_summary\pair_025\frame_log.csv,148,1411.898989,0.1502740000000813,
sub-002\trial_summary\pair_025\frame_log.csv,219,1413.182342,0.11696100000017395,
sub-002\trial_summary\pair_025\frame_log.csv,280,1414.28242,0.09996700000010605,
sub-002\trial_summary\pair_025\frame_log.csv,317,1414.965911,0.08385500000008506,
sub-002\trial_summary\pair_026\frame_log.csv,75,553.021632,0.133658999999966,
sub-002\trial_summary\pair_026\frame_log.csv,116,553.754622,0.06674500000008265,
sub-002\trial_summary\pair_026\frame_log.csv,174,554.804995,0.1004329999999527,
sub-002\trial_summary\pair_026\frame_log.csv,227,555.771347,0.10002299999996467,
sub-002\trial_summary\pair_027\frame_log.csv,67,1836.796163,0.050314999999955035,
sub-002\trial_summary\pair_027\frame_log.csv,127,1837.829479,0.05030899999997018,
sub-002\trial_summary\pair_027\frame_log.csv,172,1838.64579,0.08333700000002864,
sub-002\trial_summary\pair_027\frame_log.csv,215,1839.462847,0.11700500000006286,
sub-002\trial_summary\pair_029\frame_log.csv,100,2414.99178,0.13327499999968495,
sub-002\trial_summary\pair_029\frame_log.csv,170,2416.291889,0.15003600000000006,
sub-002\trial_summary\pair_029\frame_log.csv,215,2417.108766,0.08332199999995282,
sub-002\trial_summary\pair_029\frame_log.csv,274,2418.208769,0.1333399999998619,
sub-002\trial_summary\pair_031\frame_log.csv,101,688.037085,0.11642300000005434,
sub-002\trial_summary\pair_031\frame_log.csv,153,689.003705,0.11671999999998661,
sub-002\trial_summary\pair_031\frame_log.csv,203,689.92045,0.10009099999990667,
sub-002\trial_summary\pair_031\frame_log.csv,250,690.753569,0.06654300000002422,
sub-002\trial_summary\pair_034\frame_log.csv,204,920.968801,0.13311499999997523,
sub-002\trial_summary\pair_034\frame_log.csv,242,921.685591,0.10005400000000009,
sub-002\trial_summary\pair_034\frame_log.csv,294,922.652457,0.11700500000006286,
sub-002\trial_summary\pair_034\frame_log.csv,342,923.535398,0.09996599999999489,
sub-002\trial_summary\pair_035\frame_log.csv,328,698.063833,0.02671900000007099,
sub-002\trial_summary\pair_035\frame_log.csv,330,698.120729,0.04824099999996179,
sub-002\trial_summary\pair_035\frame_log.csv,182,725.920143,0.11663500000008753,
sub-002\trial_summary\pair_035\frame_log.csv,224,726.703506,0.09972999999990861,
sub-002\trial_summary\pair_035\frame_log.csv,272,727.603361,0.11634399999991274,
sub-002\trial_summary\pair_035\frame_log.csv,316,728.403391,0.08326600000009421,
sub-002\trial_summary\pair_036\frame_log.csv,67,2302.609268,0.09996399999999994,
sub-002\trial_summary\pair_036\frame_log.csv,114,2303.475954,0.09969099999989339,
sub-002\trial_summary\pair_036\frame_log.csv,156,2304.275927,0.11670000000003711,
sub-002\trial_summary\pair_036\frame_log.csv,189,2304.892675,0.08337800000026618,
sub-002\trial_summary\pair_037\frame_log.csv,61,2587.107365,0.11666599999989558,
sub-002\trial_summary\pair_037\frame_log.csv,97,2587.740487,0.04984199999989869,
sub-002\trial_summary\pair_037\frame_log.csv,149,2588.673767,0.08322400000042762,
sub-002\trial_summary\pair_037\frame_log.csv,180,2589.25741,0.08343700000023091,
sub-002\trial_summary\pair_038\frame_log.csv,72,1580.914319,0.11671200000000681,
sub-002\trial_summary\pair_038\frame_log.csv,176,1582.714205,0.08333999999990738,
sub-002\trial_summary\pair_038\frame_log.csv,218,1583.481284,0.08341199999995297,
sub-002\trial_summary\pair_038\frame_log.csv,245,1583.997623,0.0830670000000282,
sub-002\trial_summary\pair_039\frame_log.csv,168,1196.100487,0.13360599999987244,
sub-002\trial_summary\pair_039\frame_log.csv,224,1197.083655,0.06644899999992049,
sub-002\trial_summary\pair_039\frame_log.csv,271,1197.967151,0.11659099999997125,
sub-002\trial_summary\pair_039\frame_log.csv,335,1199.150264,0.13337700000010955,
sub-002\trial_summary\pair_040\frame_log.csv,99,2051.844291,0.14987900000005538,
sub-002\trial_summary\pair_040\frame_log.csv,146,2052.711158,0.10016399999994974,
sub-002\trial_summary\pair_040\frame_log.csv,187,2053.46153,0.08387900000025184,
sub-002\trial_summary\pair_040\frame_log.csv,225,2054.12776,0.050121999999646505,
sub-002\trial_summary\pair_041\frame_log.csv,108,1482.581602,0.1330760000000737,
sub-002\trial_summary\pair_041\frame_log.csv,150,1483.364871,0.09993699999995442,
sub-002\trial_summary\pair_041\frame_log.csv,222,1484.66529,0.11699299999986579,
sub-002\trial_summary\pair_041\frame_log.csv,336,1486.681888,0.1333510000001752,
sub-002\trial_summary\pair_042\frame_log.csv,65,1864.92927,0.08370000000013533,
sub-002\trial_summary\pair_042\frame_log.csv,101,1865.562207,0.04987699999992401,
sub-002\trial_summary\pair_042\frame_log.csv,146,1866.378926,0.08335600000009435,
sub-002\trial_summary\pair_042\frame_log.csv,180,1866.995486,0.06644899999992049,
sub-002\trial_summary\pair_046\frame_log.csv,68,2170.060577,0.11709900000005291,
sub-002\trial_summary\pair_046\frame_log.csv,119,2171.027233,0.13367399999970075,
sub-002\trial_summary\pair_046\frame_log.csv,165,2171.876834,0.09974000000011074,
sub-002\trial_summary\pair_046\frame_log.csv,203,2172.593542,0.09972300000026735,
sub-002\trial_summary\pair_047\frame_log.csv,54,2322.06406,0.037158000000090396,
sub-002\trial_summary\pair_047\frame_log.csv,56,2322.110239,0.030142999999952735,
sub-002\trial_summary\pair_047\frame_log.csv,60,2332.992743,0.11664199999995617,
sub-002\trial_summary\pair_047\frame_log.csv,97,2333.692424,0.09997399999974732,
sub-002\trial_summary\pair_047\frame_log.csv,141,2334.509097,0.09971900000027745,
sub-002\trial_summary\pair_047\frame_log.csv,186,2335.359096,0.11675800000011805,
sub-002\trial_summary\pair_049\frame_log.csv,142,1960.178157,0.14953700000000936,
sub-002\trial_summary\pair_049\frame_log.csv,218,1961.578358,0.14999299999999494,
sub-002\trial_summary\pair_049\frame_log.csv,271,1962.545019,0.10003099999994447,
sub-002\trial_summary\pair_049\frame_log.csv,307,1963.228317,0.09971900000005007,
sub-002\trial_summary\pair_050\frame_log.csv,54,2140.010393,0.11662599999999657,
sub-002\trial_summary\pair_050\frame_log.csv,86,2140.643728,0.11663700000008248,
sub-002\trial_summary\pair_050\frame_log.csv,137,2141.577426,0.10037499999998545,
sub-002\trial_summary\pair_050\frame_log.csv,179,2142.360649,0.10029200000008132,
sub-002\trial_summary\pair_051\frame_log.csv,89,1807.129341,0.09998100000007071,
sub-002\trial_summary\pair_051\frame_log.csv,129,1807.829323,0.04991899999981797,
sub-002\trial_summary\pair_051\frame_log.csv,184,1808.81271,0.08325999999988198,
sub-002\trial_summary\pair_051\frame_log.csv,217,1809.412997,0.06666899999981979,
sub-002\trial_summary\pair_054\frame_log.csv,56,1740.346335,0.08292800000003808,
sub-002\trial_summary\pair_054\frame_log.csv,93,1741.030116,0.08366099999989274,
sub-002\trial_summary\pair_054\frame_log.csv,130,1741.746496,0.11663799999996627,
sub-002\trial_summary\pair_054\frame_log.csv,167,1742.413151,0.06665500000008251,
sub-002\trial_summary\pair_055\frame_log.csv,105,2242.909678,0.08299099999976534,
sub-002\trial_summary\pair_055\frame_log.csv,142,2243.592843,0.08284800000001269,
sub-002\trial_summary\pair_055\frame_log.csv,185,2244.409716,0.11641499999996086,
sub-002\trial_summary\pair_055\frame_log.csv,238,2245.410133,0.13368999999966036,
sub-002\trial_summary\pair_056\frame_log.csv,49,2109.027451,0.10017199999992954,
sub-002\trial_summary\pair_056\frame_log.csv,90,2109.793928,0.10001800000009098,
sub-002\trial_summary\pair_056\frame_log.csv,134,2110.593936,0.08305600000039703,
sub-002\trial_summary\pair_056\frame_log.csv,162,2111.0942,0.05022499999995489,
sub-002\trial_summary\pair_058\frame_log.csv,77,2209.709979,0.13301400000000285,
sub-002\trial_summary\pair_058\frame_log.csv,190,2211.643562,0.06670800000028976,
sub-002\trial_summary\pair_058\frame_log.csv,229,2212.376536,0.1000330000001668,
sub-002\trial_summary\pair_058\frame_log.csv,269,2213.093222,0.0666400000000067,
sub-002\trial_summary\pair_060\frame_log.csv,75,1929.895273,0.11665400000015325,
sub-002\trial_summary\pair_060\frame_log.csv,114,1930.628531,0.09999500000003536,
sub-002\trial_summary\pair_060\frame_log.csv,160,1931.495483,0.11668599999984508,
sub-002\trial_summary\pair_060\frame_log.csv,197,1932.178519,0.08303399999999783,
sub-002\trial_summary\pair_061\frame_log.csv,74,982.751659,0.09964300000001458,
sub-002\trial_summary\pair_061\frame_log.csv,115,983.485338,0.06668700000000172,
sub-002\trial_summary\pair_061\frame_log.csv,161,984.318293,0.08332900000004884,
sub-002\trial_summary\pair_061\frame_log.csv,195,984.935351,0.06696099999999205,
sub-002\trial_summary\pair_062\frame_log.csv,50,2538.324649,0.10027100000024802,
sub-002\trial_summary\pair_062\frame_log.csv,90,2539.07433,0.10002200000008088,
sub-002\trial_summary\pair_062\frame_log.csv,145,2540.10765,0.13335499999993772,
sub-002\trial_summary\pair_062\frame_log.csv,186,2540.874221,0.09997599999996964,
sub-002\trial_summary\pair_063\frame_log.csv,119,1236.783292,0.09999000000016167,
sub-002\trial_summary\pair_063\frame_log.csv,182,1237.91663,0.10000300000001516,
sub-002\trial_summary\pair_063\frame_log.csv,242,1239.016738,0.11650600000007216,
sub-002\trial_summary\pair_063\frame_log.csv,328,1240.53322,0.09990300000004027,
sub-002\trial_summary\pair_065\frame_log.csv,313,735.958831,0.05546500000002652,
sub-002\trial_summary\pair_065\frame_log.csv,314,735.98676,0.027928999999971893,
sub-002\trial_summary\pair_065\frame_log.csv,315,736.01841,0.03165000000001328,
sub-002\trial_summary\pair_065\frame_log.csv,244,755.986588,0.13303099999995993,
sub-002\trial_summary\pair_065\frame_log.csv,142,761.353007,0.11641400000007707,
sub-002\trial_summary\pair_065\frame_log.csv,180,762.069884,0.09999300000004041,
sub-002\trial_summary\pair_065\frame_log.csv,227,762.936485,0.09996399999999994,
sub-002\trial_summary\pair_065\frame_log.csv,278,763.869832,0.09965099999999438,
sub-002\trial_summary\pair_067\frame_log.csv,73,821.086445,0.13363200000003417,
sub-002\trial_summary\pair_067\frame_log.csv,129,822.10275,0.09994700000004286,
sub-002\trial_summary\pair_067\frame_log.csv,168,822.836093,0.10000999999999749,
sub-002\trial_summary\pair_067\frame_log.csv,212,823.619842,0.06698299999993651,
sub-002\trial_summary\pair_068\frame_log.csv,56,2386.791971,0.0996580000000904,
sub-002\trial_summary\pair_068\frame_log.csv,101,2387.6253,0.09987900000032823,
sub-002\trial_summary\pair_068\frame_log.csv,149,2388.508767,0.10006399999974747,
sub-002\trial_summary\pair_068\frame_log.csv,195,2389.359019,0.10032700000010664,
sub-002\trial_summary\pair_069\frame_log.csv,53,2015.527711,0.0831550000000334,
sub-002\trial_summary\pair_069\frame_log.csv,91,2016.194667,0.049719999999979336,
sub-002\trial_summary\pair_069\frame_log.csv,132,2016.944677,0.08340399999997317,
sub-002\trial_summary\pair_069\frame_log.csv,174,2017.711319,0.08339700000010453,
sub-002\trial_summary\pair_070\frame_log.csv,59,2565.70845,0.11761100000012448,
sub-002\trial_summary\pair_070\frame_log.csv,107,2566.590822,0.10007500000028813,
sub-002\trial_summary\pair_070\frame_log.csv,143,2567.274103,0.10005200000023251,
sub-002\trial_summary\pair_070\frame_log.csv,186,2568.074098,0.09996000000001004,
sub-002\trial_summary\pair_072\frame_log.csv,59,1988.728169,0.08334100000001854,
sub-002\trial_summary\pair_072\frame_log.csv,102,1989.478141,0.049997999999959575,
sub-002\trial_summary\pair_072\frame_log.csv,143,1990.244794,0.10001899999997477,
sub-002\trial_summary\pair_072\frame_log.csv,180,1990.92832,0.08322300000008909,
sub-002\trial_summary\pair_073\frame_log.csv,145,1746.479455,0.04967999999985295,
sub-002\trial_summary\pair_073\frame_log.csv,148,1746.578481,0.06535299999995914,
sub-002\trial_summary\pair_073\frame_log.csv,150,1746.632939,0.03624899999999798,
sub-002\trial_summary\pair_073\frame_log.csv,76,1774.313241,0.1169760000000224,
sub-002\trial_summary\pair_073\frame_log.csv,139,1775.462945,0.11641800000006697,
sub-002\trial_summary\pair_073\frame_log.csv,187,1776.346344,0.10004800000001524,
sub-002\trial_summary\pair_073\frame_log.csv,224,1777.047075,0.10079099999984464,
sub-002\trial_summary\pair_074\frame_log.csv,121,94.17493,1.217172000000005,
sub-002\trial_summary\pair_074\frame_log.csv,384,98.641006,0.0996769999999998,
sub-002\trial_summary\pair_074\frame_log.csv,455,100.091394,0.2836499999999944,
sub-002\trial_summary\pair_074\frame_log.csv,476,100.924801,0.5004009999999965,
sub-002\trial_summary\pair_076\frame_log.csv,53,2511.541183,0.11665199999970355,
sub-002\trial_summary\pair_076\frame_log.csv,87,2512.174506,0.08332900000004884,
sub-002\trial_summary\pair_076\frame_log.csv,133,2513.02442,0.09996600000022227,
sub-002\trial_summary\pair_076\frame_log.csv,162,2513.574683,0.08359799999971074,
sub-002\trial_summary\pair_078\frame_log.csv,46,634.898955,0.06141200000001845,
sub-002\trial_summary\pair_078\frame_log.csv,48,634.955082,0.03416099999992639,
sub-002\trial_summary\pair_078\frame_log.csv,299,653.503935,0.21669499999995878,
sub-002\trial_summary\pair_078\frame_log.csv,337,654.23736,0.11666200000001936,
sub-002\trial_summary\pair_078\frame_log.csv,388,655.170511,0.09986000000003514,
sub-002\trial_summary\pair_078\frame_log.csv,425,655.870609,0.100029999999947,
sub-002\trial_summary\pair_080\frame_log.csv,180,166.757108,0.9328149999999766,
sub-002\trial_summary\pair_080\frame_log.csv,254,168.090733,0.1165070000000128,
sub-002\trial_summary\pair_080\frame_log.csv,304,169.707186,0.7999410000000182,
sub-002\trial_summary\pair_080\frame_log.csv,315,170.024267,0.14996999999999616,
sub-002\trial_summary\pair_081\frame_log.csv,99,1309.799755,0.13334699999995792,
sub-002\trial_summary\pair_081\frame_log.csv,150,1310.732779,0.09977299999991374,
sub-002\trial_summary\pair_081\frame_log.csv,202,1311.665947,0.0828639999999723,
sub-002\trial_summary\pair_081\frame_log.csv,272,1312.899756,0.08327600000006896,
sub-002\trial_summary\pair_082\frame_log.csv,61,1546.697921,0.08348499999988235,
sub-002\trial_summary\pair_082\frame_log.csv,101,1547.431465,0.08363699999995333,
sub-002\trial_summary\pair_082\frame_log.csv,135,1548.098163,0.11695400000007794,
sub-002\trial_summary\pair_082\frame_log.csv,165,1548.664828,0.0833869999999024,
sub-002\trial_summary\pair_085\frame_log.csv,204,1151.150932,0.18367899999998372,
sub-002\trial_summary\pair_085\frame_log.csv,338,1153.467134,0.10001199999987875,
sub-002\trial_summary\pair_085\frame_log.csv,379,1154.234804,0.10091299999999137,
sub-002\trial_summary\pair_085\frame_log.csv,425,1155.067029,0.08285300000011375,
sub-002\trial_summary\pair_086\frame_log.csv,73,570.881973,0.027343999999970947,
sub-002\trial_summary\pair_086\frame_log.csv,82,581.904414,0.1499509999999873,
sub-002\trial_summary\pair_086\frame_log.csv,134,582.837559,0.08318600000006882,
sub-002\trial_summary\pair_086\frame_log.csv,187,583.837803,0.13332900000000336,
sub-002\trial_summary\pair_086\frame_log.csv,226,584.571106,0.10000800000000254,
sub-002\trial_summary\pair_087\frame_log.csv,134,614.02091,0.15005599999994956,
sub-002\trial_summary\pair_087\frame_log.csv,176,614.804211,0.0999180000000024,
sub-002\trial_summary\pair_087\frame_log.csv,222,615.654201,0.09992099999999482,
sub-002\trial_summary\pair_087\frame_log.csv,265,616.437431,0.0832189999999855,
sub-002\trial_summary\pair_088\frame_log.csv,173,1449.265364,0.13327300000014475,
sub-002\trial_summary\pair_088\frame_log.csv,220,1450.131851,0.09995500000013635,
sub-002\trial_summary\pair_088\frame_log.csv,276,1451.131867,0.08338400000002366,
sub-002\trial_summary\pair_088\frame_log.csv,316,1451.865099,0.08331600000019534,
sub-002\trial_summary\pair_089\frame_log.csv,58,2360.276018,0.10014700000010635,
sub-002\trial_summary\pair_089\frame_log.csv,103,2361.092112,0.08323499999960404,
sub-002\trial_summary\pair_089\frame_log.csv,150,2361.942095,0.0829249999997046,
sub-002\trial_summary\pair_089\frame_log.csv,187,2362.625824,0.08365600000024642,
sub-002\trial_summary\pair_091\frame_log.csv,77,2084.677385,0.06632499999977881,
sub-002\trial_summary\pair_091\frame_log.csv,124,2085.527371,0.08323900000004869,
sub-002\trial_summary\pair_091\frame_log.csv,160,2086.194102,0.08334699999977602,
sub-002\trial_summary\pair_091\frame_log.csv,189,2086.727706,0.06700799999998708,
