path,total_frames,drops,drop_rate%,max_ifi_ms
sub-001\phase_0\不\frame_log.csv,38,0,0.0,0.0
sub-001\phase_0\中\frame_log.csv,30,0,0.0,0.0
sub-001\phase_0\人\frame_log.csv,48,0,0.0,0.0
sub-001\phase_0\又\frame_log.csv,39,0,0.0,0.0
sub-001\phase_0\土\frame_log.csv,43,0,0.0,0.0
sub-001\phase_0\大\frame_log.csv,57,0,0.0,0.0
sub-001\phase_0\女\frame_log.csv,26,0,0.0,0.0
sub-001\phase_0\子\frame_log.csv,35,0,0.0,0.0
sub-001\phase_0\心\frame_log.csv,39,0,0.0,0.0
sub-001\phase_0\日\frame_log.csv,38,0,0.0,0.0
sub-001\phase_0\月\frame_log.csv,96,0,0.0,0.0
sub-001\phase_0\木\frame_log.csv,76,0,0.0,0.0
sub-001\phase_0\王\frame_log.csv,34,0,0.0,0.0
sub-002\phase_0\不\frame_log.csv,61,0,0.0,0.0
sub-002\phase_0\中\frame_log.csv,70,0,0.0,0.0
sub-002\phase_0\人\frame_log.csv,89,0,0.0,0.0
sub-002\phase_0\又\frame_log.csv,91,0,0.0,0.0
sub-002\phase_0\土\frame_log.csv,91,0,0.0,0.0
sub-002\phase_0\大\frame_log.csv,75,0,0.0,0.0
sub-002\phase_0\女\frame_log.csv,81,0,0.0,0.0
sub-002\phase_0\子\frame_log.csv,64,1,1.56,33.41
sub-002\phase_0\心\frame_log.csv,103,0,0.0,0.0
sub-002\phase_0\日\frame_log.csv,131,0,0.0,0.0
sub-002\phase_0\月\frame_log.csv,153,0,0.0,0.0
sub-002\phase_0\木\frame_log.csv,74,0,0.0,0.0
sub-002\phase_0\王\frame_log.csv,66,0,0.0,0.0
sub-002\trial_summary\pair_001\frame_log.csv,1322,4,0.3,100.26
sub-002\trial_summary\pair_002\frame_log.csv,1664,9,0.54,100.0
sub-002\trial_summary\pair_004\frame_log.csv,1685,4,0.24,116.72
sub-002\trial_summary\pair_007\frame_log.csv,1439,4,0.28,117.01
sub-002\trial_summary\pair_008\frame_log.csv,1971,4,0.2,150.29
sub-002\trial_summary\pair_009\frame_log.csv,1455,4,0.27,766.82
sub-002\trial_summary\pair_010\frame_log.csv,1239,4,0.32,100.04
sub-002\trial_summary\pair_011\frame_log.csv,1326,4,0.3,116.98
sub-002\trial_summary\pair_012\frame_log.csv,1561,4,0.26,516.75
sub-002\trial_summary\pair_013\frame_log.csv,1922,4,0.21,2267.46
sub-002\trial_summary\pair_014\frame_log.csv,1266,5,0.39,150.02
sub-002\trial_summary\pair_015\frame_log.csv,2188,4,0.18,100.01
sub-002\trial_summary\pair_016\frame_log.csv,1890,4,0.21,149.9
sub-002\trial_summary\pair_019\frame_log.csv,2039,3,0.15,133.62
sub-002\trial_summary\pair_020\frame_log.csv,1532,4,0.26,100.41
sub-002\trial_summary\pair_021\frame_log.csv,1496,4,0.27,150.31
sub-002\trial_summary\pair_022\frame_log.csv,1420,9,0.63,1100.88
sub-002\trial_summary\pair_024\frame_log.csv,1362,4,0.29,99.96
sub-002\trial_summary\pair_025\frame_log.csv,1529,4,0.26,150.27
sub-002\trial_summary\pair_026\frame_log.csv,1059,4,0.38,133.66
sub-002\trial_summary\pair_027\frame_log.csv,1450,4,0.28,117.01
sub-002\trial_summary\pair_029\frame_log.csv,1400,4,0.29,150.04
sub-002\trial_summary\pair_031\frame_log.csv,1766,4,0.23,116.72
sub-002\trial_summary\pair_034\frame_log.csv,2111,4,0.19,133.11
sub-002\trial_summary\pair_035\frame_log.csv,1755,6,0.34,116.64
sub-002\trial_summary\pair_036\frame_log.csv,1653,4,0.24,116.7
sub-002\trial_summary\pair_037\frame_log.csv,951,4,0.42,116.67
sub-002\trial_summary\pair_038\frame_log.csv,1760,4,0.23,116.71
sub-002\trial_summary\pair_039\frame_log.csv,2293,4,0.17,133.61
sub-002\trial_summary\pair_040\frame_log.csv,1870,4,0.21,149.88
sub-002\trial_summary\pair_041\frame_log.csv,1724,4,0.23,133.35
sub-002\trial_summary\pair_042\frame_log.csv,1318,4,0.3,83.7
sub-002\trial_summary\pair_046\frame_log.csv,1477,4,0.27,133.67
sub-002\trial_summary\pair_047\frame_log.csv,1469,6,0.41,116.76
sub-002\trial_summary\pair_049\frame_log.csv,1537,4,0.26,149.99
sub-002\trial_summary\pair_050\frame_log.csv,1546,4,0.26,116.64
sub-002\trial_summary\pair_051\frame_log.csv,1604,4,0.25,99.98
sub-002\trial_summary\pair_054\frame_log.csv,1387,4,0.29,116.64
sub-002\trial_summary\pair_055\frame_log.csv,1606,4,0.25,133.69
sub-002\trial_summary\pair_056\frame_log.csv,1149,4,0.35,100.17
sub-002\trial_summary\pair_058\frame_log.csv,2015,4,0.2,133.01
sub-002\trial_summary\pair_060\frame_log.csv,1575,4,0.25,116.69
sub-002\trial_summary\pair_061\frame_log.csv,1709,4,0.23,99.64
sub-002\trial_summary\pair_062\frame_log.csv,1313,4,0.3,133.35
sub-002\trial_summary\pair_063\frame_log.csv,2144,4,0.19,116.51
sub-002\trial_summary\pair_065\frame_log.csv,1717,8,0.47,133.03
sub-002\trial_summary\pair_067\frame_log.csv,1307,4,0.31,133.63
sub-002\trial_summary\pair_068\frame_log.csv,1277,4,0.31,100.33
sub-002\trial_summary\pair_069\frame_log.csv,1274,4,0.31,83.4
sub-002\trial_summary\pair_070\frame_log.csv,1303,4,0.31,117.61
sub-002\trial_summary\pair_072\frame_log.csv,1320,4,0.3,100.02
sub-002\trial_summary\pair_073\frame_log.csv,1770,7,0.4,116.98
sub-002\trial_summary\pair_074\frame_log.csv,1808,4,0.22,1217.17
sub-002\trial_summary\pair_076\frame_log.csv,1616,4,0.25,116.65
sub-002\trial_summary\pair_078\frame_log.csv,1988,6,0.3,216.69
sub-002\trial_summary\pair_080\frame_log.csv,1717,4,0.23,932.81
sub-002\trial_summary\pair_081\frame_log.csv,2132,4,0.19,133.35
sub-002\trial_summary\pair_082\frame_log.csv,1135,4,0.35,116.95
sub-002\trial_summary\pair_085\frame_log.csv,2326,4,0.17,183.68
sub-002\trial_summary\pair_086\frame_log.csv,1385,5,0.36,149.95
sub-002\trial_summary\pair_087\frame_log.csv,1585,4,0.25,150.06
sub-002\trial_summary\pair_088\frame_log.csv,1880,4,0.21,133.27
sub-002\trial_summary\pair_089\frame_log.csv,1307,4,0.31,100.15
sub-002\trial_summary\pair_091\frame_log.csv,1662,4,0.24,83.35
